0.png,0,0
1.png,0,0
2.png,0,0
3.png,0,0
4.png,0,0
5.png,0,0
6.png,0,0
7.png,0,0
8.png,0,0
9.png,0,0
10.png,0,0
11.png,0,0
12.png,0,0
13.png,0,0
14.png,0,0
15.png,0,0
16.png,0,0
17.png,0,0
18.png,0,0
19.png,1,0
20.png,0,0
21.png,0,0
22.png,0,0
23.png,0,0
24.png,0,0
25.png,0,0
26.png,0,0
27.png,0,0
28.png,0,0
29.png,0,0
30.png,0,0
31.png,0,0
32.png,0,0
33.png,0,0
34.png,0,0
35.png,0,0
36.png,0,0
37.png,0,0
38.png,0,0
39.png,0,0
40.png,1,0
41.png,0,0
42.png,0,0
43.png,0,0
44.png,0,0
45.png,0,0
46.png,0,0
47.png,0,0
48.png,0,0
49.png,0,0
50.png,1,0
51.png,0,0
52.png,0,0
53.png,0,0
54.png,0,0
55.png,0,0
56.png,0,0
57.png,0,0
58.png,1,0
59.png,1,0
60.png,0,0
61.png,0,0
62.png,0,0
63.png,0,0
64.png,0,0
65.png,0,0
66.png,0,0
67.png,0,0
68.png,0,0
69.png,0,0
70.png,1,0
71.png,0,0
72.png,0,0
73.png,0,0
74.png,0,0
75.png,0,0
76.png,0,0
77.png,0,0
78.png,0,0
79.png,0,0
80.png,0,0
81.png,0,0
82.png,1,0
83.png,0,0
84.png,0,0
85.png,0,0
86.png,0,0
87.png,1,0
88.png,1,0
89.png,0,0
90.png,0,0
91.png,0,0
92.png,0,0
93.png,0,0
94.png,0,0
95.png,0,0
96.png,1,0
97.png,0,0
98.png,0,0
99.png,0,0
100.png,0,0
101.png,0,0
102.png,0,0
103.png,0,0
104.png,0,0
105.png,0,0
106.png,0,0
107.png,0,0
108.png,0,0
109.png,0,0
110.png,0,0
111.png,0,0
112.png,0,0
113.png,0,0
114.png,1,0
115.png,1,0
116.png,0,0
117.png,0,0
118.png,0,0
119.png,0,0
120.png,0,0
121.png,0,0
122.png,0,0
123.png,0,0
124.png,0,0
125.png,0,0
126.png,0,0
127.png,0,0
128.png,0,0
129.png,0,0
130.png,0,0
131.png,0,0
132.png,0,0
133.png,0,0
134.png,0,0
135.png,0,0
136.png,0,0
137.png,0,0
138.png,0,0
139.png,0,0
140.png,0,0
141.png,0,0
142.png,0,0
143.png,0,0
144.png,0,0
145.png,0,0
146.png,0,0
147.png,0,0
148.png,0,0
149.png,0,0
150.png,0,0
151.png,0,0
152.png,0,0
153.png,1,0
154.png,0,0
155.png,0,0
156.png,0,0
157.png,0,0
158.png,0,0
159.png,0,0
160.png,0,0
161.png,0,0
162.png,0,0
163.png,0,0
164.png,1,0
165.png,1,0
166.png,0,0
167.png,0,0
168.png,0,0
169.png,0,0
170.png,0,0
171.png,0,0
172.png,0,0
173.png,1,0
174.png,1,0
175.png,0,0
176.png,0,0
177.png,0,0
178.png,0,0
179.png,1,0
180.png,0,0
181.png,0,0
182.png,0,0
183.png,0,0
184.png,1,0
185.png,1,0
186.png,0,0
187.png,0,0
188.png,1,0
189.png,0,0
190.png,0,0
191.png,0,0
192.png,0,0
193.png,0,0
194.png,0,0
195.png,0,0
196.png,0,0
197.png,0,0
198.png,0,0
199.png,0,0
200.png,0,0
201.png,0,0
202.png,0,0
203.png,0,0
204.png,0,0
205.png,1,0
206.png,0,0
207.png,0,0
208.png,1,0
209.png,0,0
210.png,0,0
211.png,0,0
212.png,0,0
213.png,0,0
214.png,0,0
215.png,0,0
216.png,0,0
217.png,0,0
218.png,0,0
219.png,0,0
220.png,0,0
221.png,0,0
222.png,0,0
223.png,0,0
224.png,0,0
225.png,0,0
226.png,0,0
227.png,0,0
228.png,0,0
229.png,0,0
230.png,0,0
231.png,0,0
232.png,0,0
233.png,0,0
234.png,0,0
235.png,0,0
236.png,0,0
237.png,0,0
238.png,0,0
239.png,1,0
240.png,0,0
241.png,0,0
242.png,0,0
243.png,0,0
244.png,0,0
245.png,0,0
246.png,1,0
247.png,0,0
248.png,0,0
249.png,0,0
250.png,0,0
251.png,0,0
252.png,0,0
253.png,0,0
254.png,0,0
255.png,0,0
256.png,0,0
257.png,0,0
258.png,0,0
259.png,0,0
260.png,0,0
261.png,1,0
262.png,0,0
263.png,0,0
264.png,1,0
265.png,0,0
266.png,1,0
267.png,0,0
268.png,0,0
269.png,0,0
270.png,1,0
271.png,0,0
272.png,0,0
273.png,0,0
274.png,0,0
275.png,0,0
276.png,0,0
277.png,0,0
278.png,0,0
279.png,0,0
280.png,0,0
281.png,0,0
282.png,1,0
283.png,0,0
284.png,1,0
285.png,0,0
286.png,1,0
287.png,0,0
288.png,0,0
289.png,0,0
290.png,0,0
291.png,0,0
292.png,0,0
293.png,0,0
294.png,0,0
295.png,0,0
296.png,0,0
297.png,1,0
298.png,0,0
299.png,0,0
300.png,0,0
301.png,0,0
302.png,0,0
303.png,0,0
304.png,0,0
305.png,1,0
306.png,0,0
307.png,0,0
308.png,0,0
309.png,0,0
310.png,0,0
311.png,0,0
312.png,0,0
313.png,0,0
314.png,0,0
315.png,0,0
316.png,1,0
317.png,1,0
318.png,0,0
319.png,0,0
320.png,0,0
321.png,1,0
322.png,0,0
323.png,0,0
324.png,0,0
325.png,0,0
326.png,1,0
327.png,0,0
328.png,0,0
329.png,0,0
330.png,0,0
331.png,0,0
332.png,0,0
333.png,0,0
334.png,0,0
335.png,0,0
336.png,0,0
337.png,0,0
338.png,1,0
339.png,0,0
340.png,1,0
341.png,0,0
342.png,0,0
343.png,0,0
344.png,0,0
345.png,0,0
346.png,0,0
347.png,0,0
348.png,0,0
349.png,0,0
350.png,0,0
351.png,0,0
352.png,0,0
353.png,1,0
354.png,0,0
355.png,0,0
356.png,0,0
357.png,0,0
358.png,0,0
359.png,0,0
360.png,1,0
361.png,0,0
362.png,0,0
363.png,0,0
364.png,0,0
365.png,0,0
366.png,1,0
367.png,0,0
368.png,0,0
369.png,0,0
370.png,0,0
371.png,0,0
372.png,0,0
373.png,0,0
374.png,0,0
375.png,0,0
376.png,0,0
377.png,0,0
378.png,0,0
379.png,0,0
380.png,0,0
381.png,0,0
382.png,0,0
383.png,0,0
384.png,0,0
385.png,0,0
386.png,0,0
387.png,0,0
388.png,0,0
389.png,0,0
390.png,0,0
391.png,0,0
392.png,0,0
393.png,0,0
394.png,0,0
395.png,0,0
396.png,0,0
397.png,1,0
398.png,0,0
399.png,0,0
400.png,0,0
401.png,0,0
402.png,0,0
403.png,0,0
404.png,0,0
405.png,0,0
406.png,0,0
407.png,0,0
408.png,0,0
409.png,0,0
410.png,0,0
411.png,0,0
412.png,1,0
413.png,0,0
414.png,0,0
415.png,0,0
416.png,0,0
417.png,0,0
418.png,0,0
419.png,0,0
420.png,0,0
421.png,0,0
422.png,0,0
423.png,0,0
424.png,0,0
425.png,0,0
426.png,0,0
427.png,0,0
428.png,0,0
429.png,0,0
430.png,0,0
431.png,0,0
432.png,0,0
433.png,0,0
434.png,1,0
435.png,0,0
436.png,0,0
437.png,0,0
438.png,0,0
439.png,0,0
440.png,0,0
441.png,0,0
442.png,1,0
443.png,0,0
444.png,0,0
445.png,0,0
446.png,0,0
447.png,0,0
448.png,0,0
449.png,0,0
450.png,0,0
451.png,0,0
452.png,1,0
453.png,0,0
454.png,0,0
455.png,0,0
456.png,0,0
457.png,0,0
458.png,1,0
459.png,0,0
460.png,1,0
461.png,0,0
462.png,0,0
463.png,0,0
464.png,0,0
465.png,1,0
466.png,0,0
467.png,0,0
468.png,0,0
469.png,0,0
470.png,0,0
471.png,0,0
472.png,1,0
473.png,0,0
474.png,0,0
475.png,0,0
476.png,0,0
477.png,0,0
478.png,0,0
479.png,0,0
480.png,0,0
481.png,0,0
482.png,0,0
483.png,0,0
484.png,0,0
485.png,0,0
486.png,0,0
487.png,0,0
488.png,0,0
489.png,0,0
490.png,0,0
491.png,0,0
492.png,0,0
493.png,0,0
494.png,0,0
495.png,0,0
496.png,0,0
497.png,0,0
498.png,0,0
499.png,0,0
500.png,0,0
501.png,0,0
502.png,0,0
503.png,0,0
504.png,0,0
505.png,0,0
506.png,0,0
507.png,0,0
508.png,0,0
509.png,0,0
510.png,0,0
511.png,1,0
512.png,0,0
513.png,0,0
514.png,0,0
515.png,0,0
516.png,0,0
517.png,0,0
518.png,0,0
519.png,0,0
520.png,0,0
521.png,0,0
522.png,1,0
523.png,0,0
524.png,0,0
525.png,0,0
526.png,0,0
527.png,0,0
528.png,0,0
529.png,0,0
530.png,0,0
531.png,0,0
532.png,0,0
533.png,0,0
534.png,0,0
535.png,0,0
536.png,0,0
537.png,0,0
538.png,1,0
539.png,0,0
540.png,0,0
541.png,1,0
542.png,0,0
543.png,0,0
544.png,0,0
545.png,0,0
546.png,0,0
547.png,0,0
548.png,0,0
549.png,0,0
550.png,0,0
551.png,0,0
552.png,1,0
553.png,1,0
554.png,1,0
555.png,1,0
556.png,1,0
557.png,1,0
558.png,1,0
559.png,1,0
560.png,1,0
561.png,1,0
562.png,1,0
563.png,1,0
564.png,1,0
565.png,1,0
566.png,1,0
567.png,1,0
568.png,1,0
569.png,1,0
570.png,1,0
571.png,1,0
572.png,1,0
573.png,1,0
574.png,1,0
575.png,1,1
576.png,0,1
577.png,1,1
578.png,1,1
579.png,1,1
580.png,0,1
581.png,0,1
582.png,0,1
583.png,0,1
584.png,0,1
585.png,0,1
586.png,0,1
587.png,1,1
588.png,0,1
589.png,0,1
590.png,0,1
591.png,0,1
592.png,0,1
593.png,0,1
594.png,0,1
595.png,1,1
596.png,0,1
597.png,0,1
598.png,0,1
599.png,0,1
600.png,0,1
601.png,0,1
602.png,0,1
603.png,0,1
604.png,0,1
605.png,0,1
606.png,0,1
607.png,0,1
608.png,0,1
609.png,0,1
610.png,0,1
611.png,0,1
612.png,0,1
613.png,0,1
614.png,0,1
615.png,0,1
616.png,0,1
617.png,0,1
618.png,0,1
619.png,1,1
620.png,0,1
621.png,0,1
622.png,0,1
623.png,1,1
624.png,0,1
625.png,0,1
626.png,0,1
627.png,0,1
628.png,0,1
629.png,0,1
630.png,0,1
631.png,1,1
632.png,0,1
633.png,0,1
634.png,1,1
635.png,1,1
636.png,0,1
637.png,0,1
638.png,0,1
639.png,0,1
640.png,0,1
641.png,0,1
642.png,0,1
643.png,0,1
644.png,0,1
645.png,0,1
646.png,1,1
647.png,0,1
648.png,1,1
649.png,0,1
650.png,0,1
651.png,0,1
652.png,0,1
653.png,0,1
654.png,0,1
655.png,0,1
656.png,0,1
657.png,0,1
658.png,0,1
659.png,0,1
660.png,0,1
661.png,0,1
662.png,1,1
663.png,0,1
664.png,1,1
665.png,0,1
666.png,0,1
667.png,0,1
668.png,0,1
669.png,0,1
670.png,0,1
671.png,0,1
672.png,0,1
673.png,0,1
674.png,0,1
675.png,0,1
676.png,0,1
677.png,0,1
678.png,0,1
679.png,0,1
680.png,0,1
681.png,0,1
682.png,0,1
683.png,0,1
684.png,1,1
685.png,0,1
686.png,0,1
687.png,0,1
688.png,0,1
689.png,0,1
690.png,0,1
691.png,0,1
692.png,0,1
693.png,0,1
694.png,0,1
695.png,0,1
696.png,0,1
697.png,0,1
698.png,0,1
699.png,0,1
700.png,0,1
701.png,0,1
702.png,0,1
703.png,0,1
704.png,1,1
705.png,1,1
706.png,0,1
707.png,0,1
708.png,0,1
709.png,0,1
710.png,0,1
711.png,0,1
712.png,0,1
713.png,0,1
714.png,0,1
715.png,1,1
716.png,0,1
717.png,0,1
718.png,0,1
719.png,0,1
720.png,0,1
721.png,0,1
722.png,0,1
723.png,0,1
724.png,0,1
725.png,0,1
726.png,0,1
727.png,0,1
728.png,0,1
729.png,0,1
730.png,0,1
731.png,0,1
732.png,0,1
733.png,0,1
734.png,0,1
735.png,0,1
736.png,0,1
737.png,0,1
738.png,0,1
739.png,0,1
740.png,0,1
741.png,0,1
742.png,0,1
743.png,0,1
744.png,0,1
745.png,1,1
746.png,0,1
747.png,0,1
748.png,0,1
749.png,0,1
750.png,0,1
751.png,1,1
752.png,0,1
753.png,0,1
754.png,0,1
755.png,0,1
756.png,1,1
757.png,0,1
758.png,0,1
759.png,0,1
760.png,0,1
761.png,0,1
762.png,0,1
763.png,0,1
764.png,1,1
765.png,0,1
766.png,0,1
767.png,0,1
768.png,1,1
769.png,0,1
770.png,0,1
771.png,0,1
772.png,1,1
773.png,0,1
774.png,0,1
775.png,0,1
776.png,0,1
777.png,1,1
778.png,0,1
779.png,0,1
780.png,0,1
781.png,0,1
782.png,0,1
783.png,1,1
784.png,1,1
785.png,1,1
786.png,0,1
787.png,0,1
788.png,0,1
789.png,0,1
790.png,0,1
791.png,0,1
792.png,0,1
793.png,0,1
794.png,0,1
795.png,1,1
796.png,0,1
797.png,0,1
798.png,0,1
799.png,0,1
800.png,0,1
801.png,0,1
802.png,0,1
803.png,0,1
804.png,0,1
805.png,0,1
806.png,1,1
807.png,0,1
808.png,0,1
809.png,0,1
810.png,0,1
811.png,1,1
812.png,0,1
813.png,0,1
814.png,1,1
815.png,0,1
816.png,0,1
817.png,0,1
818.png,0,1
819.png,1,1
820.png,0,1
821.png,1,1
822.png,0,1
823.png,1,1
824.png,0,1
825.png,0,1
826.png,0,1
827.png,0,1
828.png,0,1
829.png,0,1
830.png,0,1
831.png,0,1
832.png,0,1
833.png,0,1
834.png,0,1
835.png,0,1
836.png,0,1
837.png,0,1
838.png,0,1
839.png,0,1
840.png,1,1
841.png,0,1
842.png,0,1
843.png,0,1
844.png,0,1
845.png,0,1
846.png,0,1
847.png,0,1
848.png,0,1
849.png,1,1
850.png,0,1
851.png,0,1
852.png,0,1
853.png,0,1
854.png,0,1
855.png,1,1
856.png,0,1
857.png,0,1
858.png,0,1
859.png,0,1
860.png,1,1
861.png,0,1
862.png,0,1
863.png,0,1
864.png,0,1
865.png,1,1
866.png,0,1
867.png,0,1
868.png,0,1
869.png,0,1
870.png,1,1
871.png,0,1
872.png,0,1
873.png,0,1
874.png,1,1
875.png,0,1
876.png,0,1
877.png,1,1
878.png,0,1
879.png,0,1
880.png,0,1
881.png,0,1
882.png,0,1
883.png,0,1
884.png,0,1
885.png,1,1
886.png,0,1
887.png,0,1
888.png,0,1
889.png,0,1
890.png,0,1
891.png,0,1
892.png,1,1
893.png,0,1
894.png,1,1
895.png,0,1
896.png,0,1
897.png,0,1
898.png,0,1
899.png,0,1
900.png,0,1
901.png,0,1
902.png,1,1
903.png,0,1
904.png,1,1
905.png,0,1
906.png,1,1
907.png,0,1
908.png,0,1
909.png,0,1
910.png,0,1
911.png,0,1
912.png,0,1
913.png,0,1
914.png,0,1
915.png,0,1
916.png,0,1
917.png,0,1
918.png,0,1
919.png,0,1
920.png,0,1
921.png,0,1
922.png,0,1
923.png,0,1
924.png,0,1
925.png,0,1
926.png,0,1
927.png,0,1
928.png,0,1
929.png,0,1
930.png,0,1
931.png,0,1
932.png,1,1
933.png,1,1
934.png,0,1
935.png,0,1
936.png,0,1
937.png,0,1
938.png,0,1
939.png,0,1
940.png,0,1
941.png,0,1
942.png,0,1
943.png,0,1
944.png,0,1
945.png,0,1
946.png,0,1
947.png,0,1
948.png,0,1
949.png,0,1
950.png,0,1
951.png,0,1
952.png,0,1
953.png,0,1
954.png,1,1
955.png,0,1
956.png,0,1
957.png,0,1
958.png,1,1
959.png,0,1
960.png,0,1
961.png,0,1
962.png,0,1
963.png,0,1
964.png,0,1
965.png,1,1
966.png,0,1
967.png,0,1
968.png,0,1
969.png,0,1
970.png,0,1
971.png,0,1
972.png,0,1
973.png,0,1
974.png,1,1
975.png,1,1
976.png,0,1
977.png,0,1
978.png,0,1
979.png,0,1
980.png,0,1
981.png,0,1
982.png,0,1
983.png,0,1
984.png,0,1
985.png,0,1
986.png,0,1
987.png,1,1
988.png,1,1
989.png,0,1
990.png,0,1
991.png,0,1
992.png,0,1
993.png,0,1
994.png,0,1
995.png,0,1
996.png,0,1
997.png,1,1
998.png,0,1
999.png,0,1
1000.png,0,1
1001.png,0,1
1002.png,0,1
1003.png,0,1
1004.png,0,1
1005.png,1,1
1006.png,0,1
1007.png,0,1
1008.png,0,1
1009.png,1,1
1010.png,0,1
1011.png,0,1
1012.png,0,1
1013.png,0,1
1014.png,0,1
1015.png,0,1
1016.png,0,1
1017.png,0,1
1018.png,0,1
1019.png,0,1
1020.png,0,1
1021.png,0,1
1022.png,0,1
1023.png,0,1
1024.png,0,1
1025.png,0,1
1026.png,0,1
1027.png,0,1
1028.png,0,1
1029.png,0,1
1030.png,0,1
1031.png,0,1
1032.png,0,1
1033.png,0,1
1034.png,0,1
1035.png,0,1
1036.png,0,1
1037.png,0,1
1038.png,1,1
1039.png,0,1
1040.png,0,1
1041.png,1,1
1042.png,0,1
1043.png,0,1
1044.png,0,1
1045.png,1,1
1046.png,0,1
1047.png,0,1
1048.png,0,1
1049.png,0,1
1050.png,0,1
1051.png,0,1
1052.png,0,1
1053.png,0,1
1054.png,0,1
1055.png,0,1
1056.png,0,1
1057.png,0,1
1058.png,1,1
1059.png,0,1
1060.png,0,1
1061.png,0,1
1062.png,0,1
1063.png,0,1
1064.png,0,1
1065.png,0,1
1066.png,0,1
1067.png,0,1
1068.png,0,1
1069.png,0,1
1070.png,0,1
1071.png,0,1
1072.png,0,1
1073.png,0,1
1074.png,0,1
1075.png,0,1
1076.png,0,1
1077.png,0,1
1078.png,0,1
1079.png,0,1
1080.png,0,1
1081.png,0,1
1082.png,0,1
1083.png,0,1
1084.png,0,1
1085.png,0,1
1086.png,0,1
1087.png,0,1
1088.png,0,1
1089.png,0,1
1090.png,0,1
1091.png,0,1
1092.png,0,1
1093.png,0,1
1094.png,0,1
1095.png,0,1
1096.png,0,1
1097.png,0,1
1098.png,0,1
1099.png,0,1
1100.png,0,1
1101.png,0,1
1102.png,0,1
1103.png,0,1
1104.png,0,1
1105.png,0,1
1106.png,0,1
1107.png,0,1
1108.png,0,1
1109.png,0,1
1110.png,0,1
1111.png,0,1
1112.png,0,1
1113.png,0,1
1114.png,0,1
1115.png,0,1
1116.png,0,1
1117.png,0,1
1118.png,0,1
1119.png,0,1
1120.png,0,1
1121.png,0,1
1122.png,0,1
1123.png,0,1
1124.png,0,1
1125.png,0,1
1126.png,0,1
1127.png,0,1
1128.png,0,1
1129.png,0,1
1130.png,0,1
1131.png,0,1
1132.png,0,1
1133.png,0,1
1134.png,0,1
1135.png,0,1
1136.png,0,1
1137.png,0,1
1138.png,0,1
1139.png,0,1
1140.png,0,1
1141.png,0,1
1142.png,0,1
1143.png,0,1
1144.png,0,1
1145.png,0,1
1146.png,0,1
1147.png,0,1
1148.png,0,1
1149.png,0,1
1150.png,0,2
1151.png,0,2
1152.png,1,2
1153.png,0,2
1154.png,0,2
1155.png,0,2
1156.png,0,2
1157.png,0,2
1158.png,0,2
1159.png,0,2
1160.png,0,2
1161.png,0,2
1162.png,0,2
1163.png,1,2
1164.png,0,2
1165.png,0,2
1166.png,0,2
1167.png,0,2
1168.png,0,2
1169.png,0,2
1170.png,0,2
1171.png,0,2
1172.png,0,2
1173.png,0,2
1174.png,0,2
1175.png,0,2
1176.png,0,2
1177.png,0,2
1178.png,0,2
1179.png,0,2
1180.png,0,2
1181.png,1,2
1182.png,0,2
1183.png,0,2
1184.png,0,2
1185.png,0,2
1186.png,0,2
1187.png,0,2
1188.png,0,2
1189.png,0,2
1190.png,0,2
1191.png,1,2
1192.png,0,2
1193.png,0,2
1194.png,0,2
1195.png,0,2
1196.png,0,2
1197.png,0,2
1198.png,1,2
1199.png,0,2
1200.png,0,2
1201.png,0,2
1202.png,0,2
1203.png,0,2
1204.png,1,2
1205.png,0,2
1206.png,0,2
1207.png,0,2
1208.png,0,2
1209.png,1,2
1210.png,0,2
1211.png,1,2
1212.png,0,2
1213.png,0,2
1214.png,0,2
1215.png,0,2
1216.png,0,2
1217.png,0,2
1218.png,0,2
1219.png,0,2
1220.png,0,2
1221.png,0,2
1222.png,0,2
1223.png,0,2
1224.png,0,2
1225.png,0,2
1226.png,0,2
1227.png,0,2
1228.png,0,2
1229.png,0,2
1230.png,0,2
1231.png,0,2
1232.png,0,2
1233.png,0,2
1234.png,1,2
1235.png,0,2
1236.png,0,2
1237.png,0,2
1238.png,0,2
1239.png,0,2
1240.png,0,2
1241.png,0,2
1242.png,0,2
1243.png,0,2
1244.png,0,2
1245.png,0,2
1246.png,0,2
1247.png,1,2
1248.png,1,2
1249.png,0,2
1250.png,0,2
1251.png,0,2
1252.png,1,2
1253.png,0,2
1254.png,1,2
1255.png,0,2
1256.png,0,2
1257.png,0,2
1258.png,0,2
1259.png,0,2
1260.png,0,2
1261.png,0,2
1262.png,0,2
1263.png,1,2
1264.png,0,2
1265.png,0,2
1266.png,0,2
1267.png,1,2
1268.png,0,2
1269.png,0,2
1270.png,0,2
1271.png,0,2
1272.png,1,2
1273.png,0,2
1274.png,0,2
1275.png,0,2
1276.png,1,2
1277.png,0,2
1278.png,1,2
1279.png,1,2
1280.png,0,2
1281.png,1,2
1282.png,0,2
1283.png,0,2
1284.png,1,2
1285.png,0,2
1286.png,1,2
1287.png,0,2
1288.png,0,2
1289.png,1,2
1290.png,0,2
1291.png,1,2
1292.png,0,2
1293.png,0,2
1294.png,1,2
1295.png,0,2
1296.png,0,2
1297.png,0,2
1298.png,0,2
1299.png,0,2
1300.png,1,2
1301.png,0,2
1302.png,0,2
1303.png,0,2
1304.png,0,2
1305.png,0,2
1306.png,1,2
1307.png,0,2
1308.png,0,2
1309.png,1,2
1310.png,0,2
1311.png,0,2
1312.png,0,2
1313.png,0,2
1314.png,0,2
1315.png,1,2
1316.png,0,2
1317.png,0,2
1318.png,1,2
1319.png,1,2
1320.png,0,2
1321.png,0,2
1322.png,0,2
1323.png,0,2
1324.png,0,2
1325.png,0,2
1326.png,0,2
1327.png,0,2
1328.png,1,2
1329.png,1,2
1330.png,0,2
1331.png,0,2
1332.png,0,2
1333.png,0,2
1334.png,1,2
1335.png,1,2
1336.png,0,2
1337.png,0,2
1338.png,0,2
1339.png,1,2
1340.png,0,2
1341.png,0,2
1342.png,0,2
1343.png,0,2
1344.png,0,2
1345.png,0,2
1346.png,0,2
1347.png,0,2
1348.png,0,2
1349.png,0,2
1350.png,0,2
1351.png,1,2
1352.png,0,2
1353.png,0,2
1354.png,0,2
1355.png,1,2
1356.png,0,2
1357.png,0,2
1358.png,0,2
1359.png,0,2
1360.png,0,2
1361.png,0,2
1362.png,0,2
1363.png,0,2
1364.png,0,2
1365.png,0,2
1366.png,0,2
1367.png,0,2
1368.png,0,2
1369.png,0,2
1370.png,0,2
1371.png,0,2
1372.png,0,2
1373.png,0,2
1374.png,0,2
1375.png,0,2
1376.png,0,2
1377.png,0,2
1378.png,0,2
1379.png,0,2
1380.png,0,2
1381.png,0,2
1382.png,0,2
1383.png,0,2
1384.png,0,2
1385.png,0,2
1386.png,0,2
1387.png,0,2
1388.png,0,2
1389.png,0,2
1390.png,1,2
1391.png,0,2
1392.png,0,2
1393.png,0,2
1394.png,0,2
1395.png,0,2
1396.png,0,2
1397.png,0,2
1398.png,1,2
1399.png,1,2
1400.png,0,2
1401.png,1,2
1402.png,0,2
1403.png,0,2
1404.png,0,2
1405.png,0,2
1406.png,0,2
1407.png,0,2
1408.png,0,2
1409.png,0,2
1410.png,0,2
1411.png,0,2
1412.png,1,2
1413.png,0,2
1414.png,1,2
1415.png,0,2
1416.png,0,2
1417.png,0,2
1418.png,0,2
1419.png,1,2
1420.png,0,2
1421.png,0,2
1422.png,0,2
1423.png,0,2
1424.png,1,2
1425.png,1,2
1426.png,0,2
1427.png,0,2
1428.png,0,2
1429.png,0,2
1430.png,1,2
1431.png,0,2
1432.png,0,2
1433.png,0,2
1434.png,0,2
1435.png,0,2
1436.png,0,2
1437.png,0,2
1438.png,0,2
1439.png,1,2
1440.png,0,2
1441.png,0,2
1442.png,0,2
1443.png,1,2
1444.png,0,2
1445.png,0,2
1446.png,0,2
1447.png,0,2
1448.png,0,2
1449.png,0,2
1450.png,1,2
1451.png,0,2
1452.png,0,2
1453.png,1,2
1454.png,0,2
1455.png,1,2
1456.png,0,2
1457.png,0,2
1458.png,0,2
1459.png,0,2
1460.png,1,2
1461.png,0,2
1462.png,0,2
1463.png,0,2
1464.png,0,2
1465.png,1,2
1466.png,0,2
1467.png,0,2
1468.png,0,2
1469.png,0,2
1470.png,1,2
1471.png,0,2
1472.png,1,2
1473.png,0,2
1474.png,0,2
1475.png,0,2
1476.png,0,2
1477.png,0,2
1478.png,0,2
1479.png,0,2
1480.png,0,2
1481.png,0,2
1482.png,0,2
1483.png,0,2
1484.png,0,2
1485.png,0,2
1486.png,0,2
1487.png,0,2
1488.png,0,2
1489.png,0,2
1490.png,0,2
1491.png,0,2
1492.png,0,2
1493.png,0,2
1494.png,0,2
1495.png,0,2
1496.png,0,2
1497.png,0,2
1498.png,0,2
1499.png,0,2
1500.png,0,2
1501.png,0,2
1502.png,0,2
1503.png,0,2
1504.png,0,2
1505.png,0,2
1506.png,0,2
1507.png,0,2
1508.png,0,2
1509.png,0,2
1510.png,0,2
1511.png,0,2
1512.png,0,2
1513.png,1,2
1514.png,0,2
1515.png,0,2
1516.png,0,2
1517.png,1,2
1518.png,0,2
1519.png,1,2
1520.png,0,2
1521.png,1,2
1522.png,0,2
1523.png,0,2
1524.png,0,2
1525.png,0,2
1526.png,0,2
1527.png,0,2
1528.png,0,2
1529.png,0,2
1530.png,0,2
1531.png,0,2
1532.png,0,2
1533.png,0,2
1534.png,0,2
1535.png,1,2
1536.png,0,2
1537.png,0,2
1538.png,0,2
1539.png,0,2
1540.png,0,2
1541.png,0,2
1542.png,0,2
1543.png,0,2
1544.png,0,2
1545.png,0,2
1546.png,0,2
1547.png,0,2
1548.png,0,2
1549.png,0,2
1550.png,0,2
1551.png,0,2
1552.png,1,2
1553.png,0,2
1554.png,0,2
1555.png,0,2
1556.png,0,2
1557.png,1,2
1558.png,0,2
1559.png,0,2
1560.png,0,2
1561.png,0,2
1562.png,0,2
1563.png,0,2
1564.png,0,2
1565.png,0,2
1566.png,0,2
1567.png,1,2
1568.png,1,2
1569.png,0,2
1570.png,0,2
1571.png,0,2
1572.png,0,2
1573.png,0,2
1574.png,0,2
1575.png,0,2
1576.png,0,2
1577.png,0,2
1578.png,0,2
1579.png,0,2
1580.png,0,2
1581.png,0,2
1582.png,0,2
1583.png,0,2
1584.png,0,2
1585.png,0,2
1586.png,0,2
1587.png,0,2
1588.png,0,2
1589.png,0,2
1590.png,0,2
1591.png,0,2
1592.png,0,2
1593.png,0,2
1594.png,0,2
1595.png,0,2
1596.png,0,2
1597.png,0,2
1598.png,0,2
1599.png,0,2
1600.png,0,2
1601.png,0,2
1602.png,0,2
1603.png,0,2
1604.png,0,2
1605.png,0,2
1606.png,0,2
1607.png,0,2
1608.png,0,2
1609.png,0,2
1610.png,0,2
1611.png,0,2
1612.png,0,2
1613.png,0,2
1614.png,0,2
1615.png,0,2
1616.png,0,2
1617.png,0,2
1618.png,0,2
1619.png,0,2
1620.png,0,2
1621.png,0,2
1622.png,0,2
1623.png,0,2
1624.png,0,2
1625.png,0,2
1626.png,0,2
1627.png,0,2
1628.png,0,2
1629.png,0,2
1630.png,0,2
1631.png,0,2
1632.png,0,2
1633.png,0,2
1634.png,0,2
1635.png,0,2
1636.png,0,2
1637.png,0,2
1638.png,0,2
1639.png,0,2
1640.png,0,2
1641.png,0,2
1642.png,0,2
1643.png,0,2
1644.png,0,2
1645.png,0,2
1646.png,0,2
1647.png,0,2
1648.png,0,2
1649.png,0,2
1650.png,0,2
1651.png,0,2
1652.png,0,2
1653.png,0,2
1654.png,0,2
1655.png,0,2
1656.png,0,2
1657.png,0,2
1658.png,0,2
1659.png,0,2
1660.png,0,2
1661.png,0,2
1662.png,0,2
1663.png,0,2
1664.png,0,2
1665.png,0,2
1666.png,0,2
1667.png,0,2
1668.png,0,2
1669.png,0,2
1670.png,0,2
1671.png,0,2
1672.png,0,2
1673.png,0,2
1674.png,0,2
1675.png,0,2
1676.png,0,2
1677.png,0,2
1678.png,0,2
1679.png,0,2
1680.png,0,2
1681.png,0,2
1682.png,0,2
1683.png,0,2
1684.png,0,2
1685.png,0,2
1686.png,0,2
1687.png,0,2
1688.png,0,2
1689.png,0,2
1690.png,0,2
1691.png,0,2
1692.png,0,2
1693.png,0,2
1694.png,0,2
1695.png,0,2
1696.png,0,2
1697.png,0,2
1698.png,0,2
1699.png,0,2
1700.png,0,2
1701.png,0,2
1702.png,0,2
1703.png,0,2
1704.png,0,2
1705.png,0,2
1706.png,0,2
1707.png,0,2
1708.png,0,2
1709.png,0,2
1710.png,0,2
1711.png,0,2
1712.png,0,2
1713.png,0,2
1714.png,0,2
1715.png,0,2
1716.png,0,2
1717.png,0,2
1718.png,0,2
1719.png,0,2
1720.png,0,2
1721.png,0,2
1722.png,0,2
1723.png,0,2
1724.png,0,2
1725.png,1,3
1726.png,0,3
1727.png,0,3
1728.png,0,3
1729.png,0,3
1730.png,0,3
1731.png,0,3
1732.png,0,3
1733.png,0,3
1734.png,0,3
1735.png,1,3
1736.png,1,3
1737.png,0,3
1738.png,0,3
1739.png,0,3
1740.png,0,3
1741.png,0,3
1742.png,0,3
1743.png,0,3
1744.png,0,3
1745.png,0,3
1746.png,1,3
1747.png,0,3
1748.png,0,3
1749.png,0,3
1750.png,0,3
1751.png,1,3
1752.png,0,3
1753.png,0,3
1754.png,0,3
1755.png,0,3
1756.png,0,3
1757.png,0,3
1758.png,0,3
1759.png,1,3
1760.png,0,3
1761.png,0,3
1762.png,0,3
1763.png,0,3
1764.png,0,3
1765.png,0,3
1766.png,0,3
1767.png,0,3
1768.png,0,3
1769.png,0,3
1770.png,0,3
1771.png,0,3
1772.png,0,3
1773.png,1,3
1774.png,0,3
1775.png,0,3
1776.png,0,3
1777.png,1,3
1778.png,0,3
1779.png,0,3
1780.png,0,3
1781.png,0,3
1782.png,0,3
1783.png,0,3
1784.png,1,3
1785.png,0,3
1786.png,0,3
1787.png,0,3
1788.png,1,3
1789.png,0,3
1790.png,0,3
1791.png,0,3
1792.png,0,3
1793.png,0,3
1794.png,0,3
1795.png,0,3
1796.png,0,3
1797.png,0,3
1798.png,0,3
1799.png,0,3
1800.png,0,3
1801.png,0,3
1802.png,0,3
1803.png,1,3
1804.png,0,3
1805.png,0,3
1806.png,0,3
1807.png,0,3
1808.png,0,3
1809.png,0,3
1810.png,0,3
1811.png,0,3
1812.png,0,3
1813.png,0,3
1814.png,0,3
1815.png,0,3
1816.png,0,3
1817.png,0,3
1818.png,0,3
1819.png,0,3
1820.png,0,3
1821.png,0,3
1822.png,0,3
1823.png,0,3
1824.png,0,3
1825.png,0,3
1826.png,0,3
1827.png,0,3
1828.png,0,3
1829.png,0,3
1830.png,0,3
1831.png,0,3
1832.png,0,3
1833.png,1,3
1834.png,1,3
1835.png,0,3
1836.png,0,3
1837.png,0,3
1838.png,1,3
1839.png,0,3
1840.png,1,3
1841.png,0,3
1842.png,0,3
1843.png,0,3
1844.png,0,3
1845.png,0,3
1846.png,1,3
1847.png,0,3
1848.png,0,3
1849.png,0,3
1850.png,0,3
1851.png,0,3
1852.png,0,3
1853.png,1,3
1854.png,0,3
1855.png,0,3
1856.png,0,3
1857.png,0,3
1858.png,0,3
1859.png,0,3
1860.png,0,3
1861.png,0,3
1862.png,0,3
1863.png,0,3
1864.png,0,3
1865.png,0,3
1866.png,0,3
1867.png,0,3
1868.png,0,3
1869.png,0,3
1870.png,0,3
1871.png,0,3
1872.png,0,3
1873.png,0,3
1874.png,0,3
1875.png,0,3
1876.png,0,3
1877.png,0,3
1878.png,0,3
1879.png,0,3
1880.png,0,3
1881.png,0,3
1882.png,0,3
1883.png,0,3
1884.png,0,3
1885.png,1,3
1886.png,0,3
1887.png,0,3
1888.png,0,3
1889.png,0,3
1890.png,1,3
1891.png,1,3
1892.png,0,3
1893.png,0,3
1894.png,0,3
1895.png,0,3
1896.png,0,3
1897.png,1,3
1898.png,0,3
1899.png,0,3
1900.png,0,3
1901.png,0,3
1902.png,0,3
1903.png,0,3
1904.png,0,3
1905.png,0,3
1906.png,0,3
1907.png,0,3
1908.png,0,3
1909.png,0,3
1910.png,0,3
1911.png,1,3
1912.png,0,3
1913.png,0,3
1914.png,0,3
1915.png,0,3
1916.png,0,3
1917.png,0,3
1918.png,0,3
1919.png,0,3
1920.png,0,3
1921.png,0,3
1922.png,0,3
1923.png,1,3
1924.png,0,3
1925.png,0,3
1926.png,0,3
1927.png,0,3
1928.png,0,3
1929.png,0,3
1930.png,0,3
1931.png,0,3
1932.png,0,3
1933.png,0,3
1934.png,0,3
1935.png,0,3
1936.png,0,3
1937.png,1,3
1938.png,0,3
1939.png,0,3
1940.png,0,3
1941.png,0,3
1942.png,0,3
1943.png,0,3
1944.png,0,3
1945.png,1,3
1946.png,0,3
1947.png,0,3
1948.png,0,3
1949.png,0,3
1950.png,0,3
1951.png,0,3
1952.png,0,3
1953.png,1,3
1954.png,0,3
1955.png,0,3
1956.png,0,3
1957.png,1,3
1958.png,0,3
1959.png,0,3
1960.png,0,3
1961.png,0,3
1962.png,0,3
1963.png,0,3
1964.png,0,3
1965.png,0,3
1966.png,0,3
1967.png,0,3
1968.png,0,3
1969.png,0,3
1970.png,0,3
1971.png,0,3
1972.png,0,3
1973.png,0,3
1974.png,0,3
1975.png,1,3
1976.png,0,3
1977.png,0,3
1978.png,0,3
1979.png,0,3
1980.png,0,3
1981.png,0,3
1982.png,0,3
1983.png,0,3
1984.png,0,3
1985.png,1,3
1986.png,0,3
1987.png,0,3
1988.png,0,3
1989.png,0,3
1990.png,0,3
1991.png,0,3
1992.png,0,3
1993.png,0,3
1994.png,1,3
1995.png,0,3
1996.png,0,3
1997.png,0,3
1998.png,0,3
1999.png,0,3
2000.png,0,3
2001.png,0,3
2002.png,0,3
2003.png,0,3
2004.png,0,3
2005.png,0,3
2006.png,0,3
2007.png,0,3
2008.png,0,3
2009.png,0,3
2010.png,0,3
2011.png,0,3
2012.png,0,3
2013.png,0,3
2014.png,1,3
2015.png,0,3
2016.png,0,3
2017.png,0,3
2018.png,0,3
2019.png,0,3
2020.png,0,3
2021.png,1,3
2022.png,0,3
2023.png,0,3
2024.png,0,3
2025.png,0,3
2026.png,0,3
2027.png,0,3
2028.png,0,3
2029.png,0,3
2030.png,0,3
2031.png,0,3
2032.png,0,3
2033.png,0,3
2034.png,1,3
2035.png,0,3
2036.png,0,3
2037.png,0,3
2038.png,0,3
2039.png,0,3
2040.png,0,3
2041.png,0,3
2042.png,0,3
2043.png,0,3
2044.png,0,3
2045.png,0,3
2046.png,0,3
2047.png,0,3
2048.png,0,3
2049.png,0,3
2050.png,0,3
2051.png,0,3
2052.png,0,3
2053.png,0,3
2054.png,0,3
2055.png,0,3
2056.png,0,3
2057.png,0,3
2058.png,0,3
2059.png,0,3
2060.png,0,3
2061.png,1,3
2062.png,0,3
2063.png,0,3
2064.png,0,3
2065.png,1,3
2066.png,0,3
2067.png,0,3
2068.png,0,3
2069.png,0,3
2070.png,0,3
2071.png,0,3
2072.png,0,3
2073.png,0,3
2074.png,0,3
2075.png,0,3
2076.png,0,3
2077.png,0,3
2078.png,0,3
2079.png,0,3
2080.png,0,3
2081.png,0,3
2082.png,0,3
2083.png,1,3
2084.png,0,3
2085.png,0,3
2086.png,0,3
2087.png,0,3
2088.png,0,3
2089.png,0,3
2090.png,0,3
2091.png,0,3
2092.png,0,3
2093.png,0,3
2094.png,1,3
2095.png,0,3
2096.png,0,3
2097.png,0,3
2098.png,0,3
2099.png,0,3
2100.png,0,3
2101.png,0,3
2102.png,0,3
2103.png,0,3
2104.png,0,3
2105.png,0,3
2106.png,0,3
2107.png,0,3
2108.png,0,3
2109.png,0,3
2110.png,1,3
2111.png,0,3
2112.png,0,3
2113.png,0,3
2114.png,0,3
2115.png,0,3
2116.png,0,3
2117.png,0,3
2118.png,1,3
2119.png,0,3
2120.png,1,3
2121.png,0,3
2122.png,1,3
2123.png,1,3
2124.png,1,3
2125.png,0,3
2126.png,0,3
2127.png,0,3
2128.png,0,3
2129.png,0,3
2130.png,0,3
2131.png,0,3
2132.png,0,3
2133.png,0,3
2134.png,0,3
2135.png,0,3
2136.png,1,3
2137.png,0,3
2138.png,0,3
2139.png,0,3
2140.png,0,3
2141.png,0,3
2142.png,0,3
2143.png,0,3
2144.png,0,3
2145.png,0,3
2146.png,0,3
2147.png,0,3
2148.png,0,3
2149.png,0,3
2150.png,0,3
2151.png,0,3
2152.png,0,3
2153.png,0,3
2154.png,1,3
2155.png,0,3
2156.png,0,3
2157.png,0,3
2158.png,0,3
2159.png,0,3
2160.png,0,3
2161.png,0,3
2162.png,1,3
2163.png,0,3
2164.png,0,3
2165.png,0,3
2166.png,0,3
2167.png,1,3
2168.png,0,3
2169.png,1,3
2170.png,0,3
2171.png,0,3
2172.png,0,3
2173.png,0,3
2174.png,0,3
2175.png,0,3
2176.png,0,3
2177.png,0,3
2178.png,0,3
2179.png,0,3
2180.png,0,3
2181.png,0,3
2182.png,0,3
2183.png,0,3
2184.png,0,3
2185.png,0,3
2186.png,0,3
2187.png,0,3
2188.png,0,3
2189.png,0,3
2190.png,1,3
2191.png,0,3
2192.png,0,3
2193.png,0,3
2194.png,0,3
2195.png,0,3
2196.png,0,3
2197.png,0,3
2198.png,1,3
2199.png,0,3
2200.png,0,3
2201.png,0,3
2202.png,0,3
2203.png,0,3
2204.png,0,3
2205.png,0,3
2206.png,1,3
2207.png,1,3
2208.png,1,3
2209.png,0,3
2210.png,0,3
2211.png,0,3
2212.png,0,3
2213.png,0,3
2214.png,0,3
2215.png,0,3
2216.png,0,3
2217.png,0,3
2218.png,1,3
2219.png,0,3
2220.png,0,3
2221.png,0,3
2222.png,0,3
2223.png,0,3
2224.png,0,3
2225.png,0,3
2226.png,1,3
2227.png,0,3
2228.png,0,3
2229.png,0,3
2230.png,0,3
2231.png,0,3
2232.png,0,3
2233.png,0,3
2234.png,0,3
2235.png,0,3
2236.png,0,3
2237.png,0,3
2238.png,0,3
2239.png,0,3
2240.png,0,3
2241.png,0,3
2242.png,0,3
2243.png,0,3
2244.png,0,3
2245.png,0,3
2246.png,1,3
2247.png,0,3
2248.png,0,3
2249.png,1,3
2250.png,1,3
2251.png,0,3
2252.png,0,3
2253.png,0,3
2254.png,1,3
2255.png,0,3
2256.png,0,3
2257.png,1,3
2258.png,0,3
2259.png,0,3
2260.png,0,3
2261.png,0,3
2262.png,0,3
2263.png,0,3
2264.png,0,3
2265.png,0,3
2266.png,0,3
2267.png,0,3
2268.png,1,3
2269.png,1,3
2270.png,0,3
2271.png,0,3
2272.png,0,3
2273.png,0,3
2274.png,1,3
2275.png,0,3
2276.png,0,3
2277.png,0,3
2278.png,0,3
2279.png,0,3
2280.png,0,3
2281.png,1,3
2282.png,1,3
2283.png,1,3
2284.png,1,3
2285.png,1,3
2286.png,1,3
2287.png,1,3
2288.png,1,3
2289.png,1,3
2290.png,1,3
2291.png,1,3
2292.png,1,3
2293.png,1,3
2294.png,1,3
2295.png,1,3
2296.png,1,3
2297.png,1,3
2298.png,1,3
2299.png,1,3
2300.png,0,4
2301.png,0,4
2302.png,0,4
2303.png,0,4
2304.png,0,4
2305.png,0,4
2306.png,0,4
2307.png,0,4
2308.png,0,4
2309.png,0,4
2310.png,0,4
2311.png,0,4
2312.png,0,4
2313.png,1,4
2314.png,0,4
2315.png,0,4
2316.png,0,4
2317.png,0,4
2318.png,0,4
2319.png,0,4
2320.png,0,4
2321.png,0,4
2322.png,0,4
2323.png,1,4
2324.png,0,4
2325.png,0,4
2326.png,1,4
2327.png,0,4
2328.png,0,4
2329.png,0,4
2330.png,0,4
2331.png,0,4
2332.png,0,4
2333.png,0,4
2334.png,0,4
2335.png,0,4
2336.png,0,4
2337.png,0,4
2338.png,0,4
2339.png,0,4
2340.png,0,4
2341.png,0,4
2342.png,0,4
2343.png,0,4
2344.png,1,4
2345.png,0,4
2346.png,0,4
2347.png,0,4
2348.png,0,4
2349.png,0,4
2350.png,0,4
2351.png,0,4
2352.png,0,4
2353.png,0,4
2354.png,0,4
2355.png,0,4
2356.png,0,4
2357.png,0,4
2358.png,0,4
2359.png,1,4
2360.png,0,4
2361.png,0,4
2362.png,1,4
2363.png,0,4
2364.png,0,4
2365.png,0,4
2366.png,0,4
2367.png,0,4
2368.png,0,4
2369.png,0,4
2370.png,0,4
2371.png,0,4
2372.png,0,4
2373.png,0,4
2374.png,0,4
2375.png,0,4
2376.png,0,4
2377.png,0,4
2378.png,0,4
2379.png,0,4
2380.png,0,4
2381.png,0,4
2382.png,0,4
2383.png,0,4
2384.png,0,4
2385.png,0,4
2386.png,0,4
2387.png,0,4
2388.png,1,4
2389.png,0,4
2390.png,1,4
2391.png,0,4
2392.png,0,4
2393.png,0,4
2394.png,0,4
2395.png,1,4
2396.png,1,4
2397.png,0,4
2398.png,0,4
2399.png,0,4
2400.png,0,4
2401.png,0,4
2402.png,0,4
2403.png,0,4
2404.png,0,4
2405.png,0,4
2406.png,0,4
2407.png,0,4
2408.png,0,4
2409.png,0,4
2410.png,0,4
2411.png,0,4
2412.png,0,4
2413.png,0,4
2414.png,1,4
2415.png,1,4
2416.png,0,4
2417.png,0,4
2418.png,0,4
2419.png,0,4
2420.png,0,4
2421.png,0,4
2422.png,0,4
2423.png,0,4
2424.png,0,4
2425.png,0,4
2426.png,0,4
2427.png,0,4
2428.png,0,4
2429.png,0,4
2430.png,0,4
2431.png,0,4
2432.png,0,4
2433.png,0,4
2434.png,0,4
2435.png,0,4
2436.png,0,4
2437.png,0,4
2438.png,0,4
2439.png,0,4
2440.png,0,4
2441.png,0,4
2442.png,0,4
2443.png,0,4
2444.png,0,4
2445.png,0,4
2446.png,0,4
2447.png,0,4
2448.png,0,4
2449.png,0,4
2450.png,0,4
2451.png,0,4
2452.png,0,4
2453.png,0,4
2454.png,0,4
2455.png,0,4
2456.png,0,4
2457.png,1,4
2458.png,0,4
2459.png,0,4
2460.png,0,4
2461.png,0,4
2462.png,0,4
2463.png,0,4
2464.png,0,4
2465.png,1,4
2466.png,0,4
2467.png,0,4
2468.png,0,4
2469.png,0,4
2470.png,0,4
2471.png,1,4
2472.png,0,4
2473.png,0,4
2474.png,0,4
2475.png,0,4
2476.png,0,4
2477.png,0,4
2478.png,0,4
2479.png,0,4
2480.png,0,4
2481.png,0,4
2482.png,0,4
2483.png,1,4
2484.png,0,4
2485.png,0,4
2486.png,0,4
2487.png,0,4
2488.png,0,4
2489.png,0,4
2490.png,0,4
2491.png,0,4
2492.png,0,4
2493.png,0,4
2494.png,1,4
2495.png,0,4
2496.png,0,4
2497.png,0,4
2498.png,1,4
2499.png,0,4
2500.png,1,4
2501.png,0,4
2502.png,0,4
2503.png,1,4
2504.png,1,4
2505.png,0,4
2506.png,0,4
2507.png,0,4
2508.png,0,4
2509.png,0,4
2510.png,0,4
2511.png,0,4
2512.png,0,4
2513.png,0,4
2514.png,0,4
2515.png,0,4
2516.png,0,4
2517.png,0,4
2518.png,1,4
2519.png,0,4
2520.png,0,4
2521.png,0,4
2522.png,0,4
2523.png,0,4
2524.png,0,4
2525.png,0,4
2526.png,0,4
2527.png,0,4
2528.png,0,4
2529.png,0,4
2530.png,0,4
2531.png,0,4
2532.png,0,4
2533.png,0,4
2534.png,0,4
2535.png,0,4
2536.png,0,4
2537.png,0,4
2538.png,1,4
2539.png,0,4
2540.png,1,4
2541.png,1,4
2542.png,1,4
2543.png,0,4
2544.png,0,4
2545.png,0,4
2546.png,1,4
2547.png,1,4
2548.png,0,4
2549.png,0,4
2550.png,0,4
2551.png,0,4
2552.png,0,4
2553.png,0,4
2554.png,0,4
2555.png,0,4
2556.png,0,4
2557.png,0,4
2558.png,0,4
2559.png,0,4
2560.png,0,4
2561.png,0,4
2562.png,0,4
2563.png,0,4
2564.png,0,4
2565.png,0,4
2566.png,0,4
2567.png,0,4
2568.png,0,4
2569.png,0,4
2570.png,0,4
2571.png,0,4
2572.png,0,4
2573.png,0,4
2574.png,0,4
2575.png,0,4
2576.png,0,4
2577.png,0,4
2578.png,0,4
2579.png,0,4
2580.png,0,4
2581.png,1,4
2582.png,0,4
2583.png,0,4
2584.png,0,4
2585.png,0,4
2586.png,0,4
2587.png,0,4
2588.png,0,4
2589.png,0,4
2590.png,0,4
2591.png,0,4
2592.png,0,4
2593.png,0,4
2594.png,1,4
2595.png,0,4
2596.png,0,4
2597.png,0,4
2598.png,0,4
2599.png,0,4
2600.png,0,4
2601.png,0,4
2602.png,0,4
2603.png,0,4
2604.png,0,4
2605.png,0,4
2606.png,0,4
2607.png,0,4
2608.png,0,4
2609.png,1,4
2610.png,0,4
2611.png,0,4
2612.png,1,4
2613.png,0,4
2614.png,0,4
2615.png,0,4
2616.png,0,4
2617.png,0,4
2618.png,0,4
2619.png,0,4
2620.png,0,4
2621.png,0,4
2622.png,0,4
2623.png,0,4
2624.png,0,4
2625.png,0,4
2626.png,0,4
2627.png,1,4
2628.png,1,4
2629.png,0,4
2630.png,0,4
2631.png,0,4
2632.png,0,4
2633.png,0,4
2634.png,0,4
2635.png,0,4
2636.png,0,4
2637.png,0,4
2638.png,0,4
2639.png,0,4
2640.png,0,4
2641.png,0,4
2642.png,0,4
2643.png,0,4
2644.png,0,4
2645.png,0,4
2646.png,0,4
2647.png,1,4
2648.png,1,4
2649.png,0,4
2650.png,0,4
2651.png,0,4
2652.png,0,4
2653.png,0,4
2654.png,0,4
2655.png,0,4
2656.png,0,4
2657.png,0,4
2658.png,0,4
2659.png,0,4
2660.png,0,4
2661.png,0,4
2662.png,0,4
2663.png,0,4
2664.png,0,4
2665.png,0,4
2666.png,0,4
2667.png,0,4
2668.png,0,4
2669.png,0,4
2670.png,1,4
2671.png,0,4
2672.png,0,4
2673.png,0,4
2674.png,0,4
2675.png,0,4
2676.png,0,4
2677.png,0,4
2678.png,0,4
2679.png,0,4
2680.png,1,4
2681.png,0,4
2682.png,0,4
2683.png,0,4
2684.png,0,4
2685.png,0,4
2686.png,0,4
2687.png,1,4
2688.png,1,4
2689.png,0,4
2690.png,0,4
2691.png,0,4
2692.png,0,4
2693.png,0,4
2694.png,0,4
2695.png,0,4
2696.png,0,4
2697.png,1,4
2698.png,0,4
2699.png,1,4
2700.png,0,4
2701.png,0,4
2702.png,1,4
2703.png,0,4
2704.png,0,4
2705.png,0,4
2706.png,0,4
2707.png,0,4
2708.png,0,4
2709.png,0,4
2710.png,0,4
2711.png,0,4
2712.png,0,4
2713.png,0,4
2714.png,0,4
2715.png,0,4
2716.png,0,4
2717.png,0,4
2718.png,0,4
2719.png,0,4
2720.png,0,4
2721.png,0,4
2722.png,1,4
2723.png,0,4
2724.png,0,4
2725.png,0,4
2726.png,0,4
2727.png,0,4
2728.png,0,4
2729.png,0,4
2730.png,1,4
2731.png,0,4
2732.png,0,4
2733.png,0,4
2734.png,0,4
2735.png,1,4
2736.png,0,4
2737.png,0,4
2738.png,0,4
2739.png,0,4
2740.png,0,4
2741.png,0,4
2742.png,0,4
2743.png,1,4
2744.png,0,4
2745.png,0,4
2746.png,0,4
2747.png,1,4
2748.png,0,4
2749.png,1,4
2750.png,1,4
2751.png,0,4
2752.png,0,4
2753.png,0,4
2754.png,0,4
2755.png,0,4
2756.png,0,4
2757.png,0,4
2758.png,0,4
2759.png,0,4
2760.png,0,4
2761.png,0,4
2762.png,0,4
2763.png,0,4
2764.png,0,4
2765.png,0,4
2766.png,0,4
2767.png,0,4
2768.png,0,4
2769.png,0,4
2770.png,0,4
2771.png,0,4
2772.png,0,4
2773.png,0,4
2774.png,1,4
2775.png,0,4
2776.png,1,4
2777.png,1,4
2778.png,0,4
2779.png,0,4
2780.png,0,4
2781.png,0,4
2782.png,0,4
2783.png,0,4
2784.png,0,4
2785.png,0,4
2786.png,0,4
2787.png,0,4
2788.png,1,4
2789.png,0,4
2790.png,0,4
2791.png,0,4
2792.png,0,4
2793.png,0,4
2794.png,0,4
2795.png,0,4
2796.png,0,4
2797.png,0,4
2798.png,0,4
2799.png,0,4
2800.png,0,4
2801.png,0,4
2802.png,0,4
2803.png,0,4
2804.png,0,4
2805.png,0,4
2806.png,0,4
2807.png,0,4
2808.png,0,4
2809.png,0,4
2810.png,0,4
2811.png,0,4
2812.png,0,4
2813.png,0,4
2814.png,1,4
2815.png,0,4
2816.png,0,4
2817.png,0,4
2818.png,0,4
2819.png,0,4
2820.png,0,4
2821.png,0,4
2822.png,0,4
2823.png,0,4
2824.png,1,4
2825.png,1,4
2826.png,1,4
2827.png,0,4
2828.png,0,4
2829.png,0,4
2830.png,0,4
2831.png,0,4
2832.png,0,4
2833.png,0,4
2834.png,0,4
2835.png,0,4
2836.png,0,4
2837.png,0,4
2838.png,0,4
2839.png,0,4
2840.png,0,4
2841.png,0,4
2842.png,1,4
2843.png,0,4
2844.png,1,4
2845.png,0,4
2846.png,0,4
2847.png,0,4
2848.png,0,4
2849.png,0,4
2850.png,0,4
2851.png,0,4
2852.png,0,4
2853.png,0,4
2854.png,0,4
2855.png,0,4
2856.png,0,4
2857.png,0,4
2858.png,0,4
2859.png,0,4
2860.png,1,4
2861.png,0,4
2862.png,0,4
2863.png,0,4
2864.png,0,4
2865.png,0,4
2866.png,1,4
2867.png,1,4
2868.png,1,4
2869.png,1,4
2870.png,1,4
2871.png,1,4
2872.png,1,4
2873.png,1,4
2874.png,1,4
2875.png,0,5
2876.png,0,5
2877.png,0,5
2878.png,1,5
2879.png,0,5
2880.png,1,5
2881.png,0,5
2882.png,0,5
2883.png,0,5
2884.png,0,5
2885.png,0,5
2886.png,1,5
2887.png,0,5
2888.png,0,5
2889.png,0,5
2890.png,0,5
2891.png,0,5
2892.png,0,5
2893.png,0,5
2894.png,0,5
2895.png,0,5
2896.png,0,5
2897.png,1,5
2898.png,1,5
2899.png,0,5
2900.png,0,5
2901.png,0,5
2902.png,0,5
2903.png,0,5
2904.png,0,5
2905.png,1,5
2906.png,1,5
2907.png,0,5
2908.png,0,5
2909.png,0,5
2910.png,0,5
2911.png,1,5
2912.png,0,5
2913.png,0,5
2914.png,0,5
2915.png,1,5
2916.png,0,5
2917.png,1,5
2918.png,0,5
2919.png,0,5
2920.png,1,5
2921.png,0,5
2922.png,0,5
2923.png,0,5
2924.png,0,5
2925.png,0,5
2926.png,0,5
2927.png,0,5
2928.png,0,5
2929.png,1,5
2930.png,0,5
2931.png,0,5
2932.png,1,5
2933.png,0,5
2934.png,0,5
2935.png,0,5
2936.png,0,5
2937.png,0,5
2938.png,0,5
2939.png,1,5
2940.png,0,5
2941.png,0,5
2942.png,0,5
2943.png,1,5
2944.png,0,5
2945.png,1,5
2946.png,0,5
2947.png,1,5
2948.png,1,5
2949.png,0,5
2950.png,0,5
2951.png,0,5
2952.png,0,5
2953.png,0,5
2954.png,0,5
2955.png,0,5
2956.png,0,5
2957.png,0,5
2958.png,0,5
2959.png,0,5
2960.png,0,5
2961.png,0,5
2962.png,0,5
2963.png,0,5
2964.png,0,5
2965.png,0,5
2966.png,0,5
2967.png,0,5
2968.png,0,5
2969.png,0,5
2970.png,0,5
2971.png,0,5
2972.png,0,5
2973.png,0,5
2974.png,0,5
2975.png,0,5
2976.png,0,5
2977.png,0,5
2978.png,0,5
2979.png,0,5
2980.png,0,5
2981.png,0,5
2982.png,0,5
2983.png,0,5
2984.png,0,5
2985.png,0,5
2986.png,0,5
2987.png,0,5
2988.png,0,5
2989.png,0,5
2990.png,1,5
2991.png,0,5
2992.png,0,5
2993.png,0,5
2994.png,0,5
2995.png,1,5
2996.png,0,5
2997.png,1,5
2998.png,0,5
2999.png,0,5
3000.png,0,5
3001.png,0,5
3002.png,0,5
3003.png,0,5
3004.png,0,5
3005.png,0,5
3006.png,0,5
3007.png,0,5
3008.png,0,5
3009.png,0,5
3010.png,0,5
3011.png,0,5
3012.png,0,5
3013.png,0,5
3014.png,0,5
3015.png,0,5
3016.png,0,5
3017.png,0,5
3018.png,0,5
3019.png,0,5
3020.png,0,5
3021.png,0,5
3022.png,0,5
3023.png,0,5
3024.png,0,5
3025.png,0,5
3026.png,0,5
3027.png,1,5
3028.png,0,5
3029.png,0,5
3030.png,0,5
3031.png,0,5
3032.png,0,5
3033.png,0,5
3034.png,0,5
3035.png,0,5
3036.png,0,5
3037.png,0,5
3038.png,0,5
3039.png,0,5
3040.png,0,5
3041.png,0,5
3042.png,0,5
3043.png,0,5
3044.png,0,5
3045.png,0,5
3046.png,1,5
3047.png,0,5
3048.png,1,5
3049.png,1,5
3050.png,0,5
3051.png,1,5
3052.png,0,5
3053.png,0,5
3054.png,1,5
3055.png,1,5
3056.png,0,5
3057.png,0,5
3058.png,0,5
3059.png,0,5
3060.png,1,5
3061.png,0,5
3062.png,0,5
3063.png,0,5
3064.png,0,5
3065.png,1,5
3066.png,0,5
3067.png,0,5
3068.png,0,5
3069.png,1,5
3070.png,1,5
3071.png,0,5
3072.png,0,5
3073.png,0,5
3074.png,0,5
3075.png,0,5
3076.png,0,5
3077.png,0,5
3078.png,0,5
3079.png,1,5
3080.png,0,5
3081.png,0,5
3082.png,0,5
3083.png,0,5
3084.png,1,5
3085.png,0,5
3086.png,0,5
3087.png,0,5
3088.png,0,5
3089.png,0,5
3090.png,0,5
3091.png,0,5
3092.png,0,5
3093.png,0,5
3094.png,0,5
3095.png,0,5
3096.png,0,5
3097.png,0,5
3098.png,0,5
3099.png,0,5
3100.png,0,5
3101.png,0,5
3102.png,0,5
3103.png,0,5
3104.png,0,5
3105.png,1,5
3106.png,0,5
3107.png,0,5
3108.png,0,5
3109.png,0,5
3110.png,0,5
3111.png,0,5
3112.png,0,5
3113.png,0,5
3114.png,0,5
3115.png,0,5
3116.png,0,5
3117.png,0,5
3118.png,0,5
3119.png,1,5
3120.png,1,5
3121.png,0,5
3122.png,0,5
3123.png,0,5
3124.png,0,5
3125.png,0,5
3126.png,0,5
3127.png,0,5
3128.png,0,5
3129.png,0,5
3130.png,0,5
3131.png,1,5
3132.png,0,5
3133.png,0,5
3134.png,0,5
3135.png,0,5
3136.png,0,5
3137.png,1,5
3138.png,0,5
3139.png,0,5
3140.png,0,5
3141.png,0,5
3142.png,0,5
3143.png,0,5
3144.png,0,5
3145.png,1,5
3146.png,0,5
3147.png,1,5
3148.png,0,5
3149.png,1,5
3150.png,0,5
3151.png,0,5
3152.png,0,5
3153.png,0,5
3154.png,0,5
3155.png,1,5
3156.png,0,5
3157.png,1,5
3158.png,0,5
3159.png,0,5
3160.png,0,5
3161.png,1,5
3162.png,0,5
3163.png,0,5
3164.png,0,5
3165.png,0,5
3166.png,0,5
3167.png,1,5
3168.png,0,5
3169.png,0,5
3170.png,0,5
3171.png,0,5
3172.png,0,5
3173.png,0,5
3174.png,0,5
3175.png,0,5
3176.png,0,5
3177.png,0,5
3178.png,0,5
3179.png,0,5
3180.png,1,5
3181.png,0,5
3182.png,0,5
3183.png,0,5
3184.png,0,5
3185.png,0,5
3186.png,0,5
3187.png,0,5
3188.png,1,5
3189.png,0,5
3190.png,1,5
3191.png,0,5
3192.png,0,5
3193.png,0,5
3194.png,0,5
3195.png,1,5
3196.png,0,5
3197.png,0,5
3198.png,0,5
3199.png,0,5
3200.png,0,5
3201.png,0,5
3202.png,0,5
3203.png,0,5
3204.png,0,5
3205.png,0,5
3206.png,1,5
3207.png,1,5
3208.png,0,5
3209.png,0,5
3210.png,0,5
3211.png,0,5
3212.png,0,5
3213.png,0,5
3214.png,0,5
3215.png,0,5
3216.png,0,5
3217.png,0,5
3218.png,0,5
3219.png,0,5
3220.png,0,5
3221.png,0,5
3222.png,0,5
3223.png,0,5
3224.png,1,5
3225.png,0,5
3226.png,0,5
3227.png,0,5
3228.png,0,5
3229.png,0,5
3230.png,0,5
3231.png,0,5
3232.png,1,5
3233.png,0,5
3234.png,0,5
3235.png,0,5
3236.png,0,5
3237.png,1,5
3238.png,0,5
3239.png,0,5
3240.png,0,5
3241.png,0,5
3242.png,0,5
3243.png,0,5
3244.png,0,5
3245.png,0,5
3246.png,0,5
3247.png,0,5
3248.png,0,5
3249.png,0,5
3250.png,0,5
3251.png,0,5
3252.png,0,5
3253.png,0,5
3254.png,0,5
3255.png,0,5
3256.png,0,5
3257.png,0,5
3258.png,0,5
3259.png,0,5
3260.png,0,5
3261.png,0,5
3262.png,1,5
3263.png,0,5
3264.png,0,5
3265.png,0,5
3266.png,0,5
3267.png,0,5
3268.png,0,5
3269.png,0,5
3270.png,0,5
3271.png,0,5
3272.png,0,5
3273.png,1,5
3274.png,0,5
3275.png,0,5
3276.png,0,5
3277.png,0,5
3278.png,1,5
3279.png,0,5
3280.png,1,5
3281.png,0,5
3282.png,0,5
3283.png,0,5
3284.png,1,5
3285.png,0,5
3286.png,0,5
3287.png,0,5
3288.png,1,5
3289.png,1,5
3290.png,0,5
3291.png,0,5
3292.png,0,5
3293.png,0,5
3294.png,0,5
3295.png,0,5
3296.png,0,5
3297.png,0,5
3298.png,1,5
3299.png,1,5
3300.png,0,5
3301.png,0,5
3302.png,0,5
3303.png,0,5
3304.png,0,5
3305.png,0,5
3306.png,0,5
3307.png,0,5
3308.png,0,5
3309.png,0,5
3310.png,0,5
3311.png,0,5
3312.png,0,5
3313.png,0,5
3314.png,0,5
3315.png,0,5
3316.png,0,5
3317.png,0,5
3318.png,0,5
3319.png,1,5
3320.png,0,5
3321.png,0,5
3322.png,0,5
3323.png,1,5
3324.png,0,5
3325.png,0,5
3326.png,0,5
3327.png,0,5
3328.png,0,5
3329.png,0,5
3330.png,0,5
3331.png,1,5
3332.png,0,5
3333.png,1,5
3334.png,0,5
3335.png,0,5
3336.png,0,5
3337.png,1,5
3338.png,0,5
3339.png,0,5
3340.png,0,5
3341.png,0,5
3342.png,0,5
3343.png,0,5
3344.png,0,5
3345.png,0,5
3346.png,0,5
3347.png,0,5
3348.png,0,5
3349.png,0,5
3350.png,1,5
3351.png,0,5
3352.png,0,5
3353.png,1,5
3354.png,0,5
3355.png,1,5
3356.png,0,5
3357.png,0,5
3358.png,0,5
3359.png,0,5
3360.png,0,5
3361.png,1,5
3362.png,0,5
3363.png,0,5
3364.png,0,5
3365.png,0,5
3366.png,0,5
3367.png,0,5
3368.png,0,5
3369.png,1,5
3370.png,1,5
3371.png,0,5
3372.png,0,5
3373.png,0,5
3374.png,0,5
3375.png,0,5
3376.png,1,5
3377.png,0,5
3378.png,0,5
3379.png,0,5
3380.png,0,5
3381.png,1,5
3382.png,0,5
3383.png,1,5
3384.png,0,5
3385.png,0,5
3386.png,0,5
3387.png,0,5
3388.png,0,5
3389.png,0,5
3390.png,0,5
3391.png,0,5
3392.png,0,5
3393.png,0,5
3394.png,0,5
3395.png,0,5
3396.png,0,5
3397.png,0,5
3398.png,0,5
3399.png,0,5
3400.png,0,5
3401.png,0,5
3402.png,0,5
3403.png,0,5
3404.png,0,5
3405.png,0,5
3406.png,0,5
3407.png,0,5
3408.png,0,5
3409.png,0,5
3410.png,0,5
3411.png,1,5
3412.png,0,5
3413.png,0,5
3414.png,1,5
3415.png,0,5
3416.png,0,5
3417.png,0,5
3418.png,0,5
3419.png,0,5
3420.png,0,5
3421.png,0,5
3422.png,0,5
3423.png,1,5
3424.png,0,5
3425.png,0,5
3426.png,0,5
3427.png,0,5
3428.png,0,5
3429.png,1,5
3430.png,0,5
3431.png,0,5
3432.png,0,5
3433.png,0,5
3434.png,1,5
3435.png,0,5
3436.png,0,5
3437.png,0,5
3438.png,0,5
3439.png,0,5
3440.png,0,5
3441.png,0,5
3442.png,0,5
3443.png,0,5
3444.png,0,5
3445.png,0,5
3446.png,0,5
3447.png,0,5
3448.png,0,5
3449.png,0,5
3450.png,0,6
3451.png,0,6
3452.png,0,6
3453.png,1,6
3454.png,0,6
3455.png,0,6
3456.png,0,6
3457.png,0,6
3458.png,0,6
3459.png,0,6
3460.png,0,6
3461.png,0,6
3462.png,0,6
3463.png,0,6
3464.png,0,6
3465.png,0,6
3466.png,0,6
3467.png,0,6
3468.png,0,6
3469.png,0,6
3470.png,1,6
3471.png,0,6
3472.png,0,6
3473.png,0,6
3474.png,0,6
3475.png,0,6
3476.png,0,6
3477.png,0,6
3478.png,0,6
3479.png,0,6
3480.png,0,6
3481.png,0,6
3482.png,1,6
3483.png,0,6
3484.png,0,6
3485.png,1,6
3486.png,0,6
3487.png,0,6
3488.png,0,6
3489.png,0,6
3490.png,0,6
3491.png,0,6
3492.png,0,6
3493.png,0,6
3494.png,1,6
3495.png,0,6
3496.png,0,6
3497.png,0,6
3498.png,0,6
3499.png,0,6
3500.png,0,6
3501.png,0,6
3502.png,0,6
3503.png,0,6
3504.png,0,6
3505.png,0,6
3506.png,0,6
3507.png,0,6
3508.png,0,6
3509.png,0,6
3510.png,1,6
3511.png,0,6
3512.png,0,6
3513.png,0,6
3514.png,0,6
3515.png,0,6
3516.png,0,6
3517.png,0,6
3518.png,0,6
3519.png,0,6
3520.png,0,6
3521.png,0,6
3522.png,0,6
3523.png,0,6
3524.png,1,6
3525.png,0,6
3526.png,0,6
3527.png,0,6
3528.png,0,6
3529.png,0,6
3530.png,0,6
3531.png,0,6
3532.png,0,6
3533.png,0,6
3534.png,0,6
3535.png,0,6
3536.png,0,6
3537.png,0,6
3538.png,0,6
3539.png,0,6
3540.png,0,6
3541.png,0,6
3542.png,0,6
3543.png,0,6
3544.png,0,6
3545.png,0,6
3546.png,0,6
3547.png,0,6
3548.png,1,6
3549.png,1,6
3550.png,1,6
3551.png,0,6
3552.png,0,6
3553.png,1,6
3554.png,0,6
3555.png,0,6
3556.png,0,6
3557.png,0,6
3558.png,0,6
3559.png,1,6
3560.png,0,6
3561.png,0,6
3562.png,0,6
3563.png,0,6
3564.png,0,6
3565.png,0,6
3566.png,0,6
3567.png,0,6
3568.png,0,6
3569.png,1,6
3570.png,0,6
3571.png,0,6
3572.png,0,6
3573.png,1,6
3574.png,0,6
3575.png,0,6
3576.png,0,6
3577.png,0,6
3578.png,0,6
3579.png,1,6
3580.png,0,6
3581.png,0,6
3582.png,0,6
3583.png,0,6
3584.png,0,6
3585.png,0,6
3586.png,1,6
3587.png,0,6
3588.png,0,6
3589.png,0,6
3590.png,0,6
3591.png,0,6
3592.png,0,6
3593.png,0,6
3594.png,0,6
3595.png,0,6
3596.png,1,6
3597.png,0,6
3598.png,0,6
3599.png,1,6
3600.png,1,6
3601.png,0,6
3602.png,0,6
3603.png,0,6
3604.png,0,6
3605.png,0,6
3606.png,0,6
3607.png,0,6
3608.png,0,6
3609.png,0,6
3610.png,0,6
3611.png,0,6
3612.png,0,6
3613.png,0,6
3614.png,0,6
3615.png,0,6
3616.png,0,6
3617.png,0,6
3618.png,1,6
3619.png,0,6
3620.png,1,6
3621.png,0,6
3622.png,0,6
3623.png,0,6
3624.png,0,6
3625.png,0,6
3626.png,0,6
3627.png,1,6
3628.png,1,6
3629.png,0,6
3630.png,0,6
3631.png,0,6
3632.png,0,6
3633.png,0,6
3634.png,0,6
3635.png,0,6
3636.png,0,6
3637.png,0,6
3638.png,0,6
3639.png,0,6
3640.png,0,6
3641.png,0,6
3642.png,0,6
3643.png,0,6
3644.png,0,6
3645.png,0,6
3646.png,0,6
3647.png,0,6
3648.png,0,6
3649.png,0,6
3650.png,0,6
3651.png,0,6
3652.png,0,6
3653.png,0,6
3654.png,0,6
3655.png,0,6
3656.png,0,6
3657.png,0,6
3658.png,0,6
3659.png,0,6
3660.png,0,6
3661.png,0,6
3662.png,0,6
3663.png,1,6
3664.png,0,6
3665.png,0,6
3666.png,1,6
3667.png,0,6
3668.png,0,6
3669.png,0,6
3670.png,0,6
3671.png,0,6
3672.png,0,6
3673.png,0,6
3674.png,0,6
3675.png,0,6
3676.png,0,6
3677.png,0,6
3678.png,0,6
3679.png,0,6
3680.png,0,6
3681.png,0,6
3682.png,0,6
3683.png,0,6
3684.png,0,6
3685.png,0,6
3686.png,0,6
3687.png,0,6
3688.png,0,6
3689.png,0,6
3690.png,0,6
3691.png,0,6
3692.png,0,6
3693.png,0,6
3694.png,1,6
3695.png,0,6
3696.png,0,6
3697.png,0,6
3698.png,0,6
3699.png,0,6
3700.png,0,6
3701.png,0,6
3702.png,0,6
3703.png,0,6
3704.png,0,6
3705.png,1,6
3706.png,0,6
3707.png,0,6
3708.png,0,6
3709.png,1,6
3710.png,0,6
3711.png,0,6
3712.png,0,6
3713.png,0,6
3714.png,0,6
3715.png,0,6
3716.png,0,6
3717.png,1,6
3718.png,0,6
3719.png,0,6
3720.png,0,6
3721.png,0,6
3722.png,0,6
3723.png,0,6
3724.png,0,6
3725.png,0,6
3726.png,1,6
3727.png,0,6
3728.png,0,6
3729.png,0,6
3730.png,0,6
3731.png,0,6
3732.png,0,6
3733.png,0,6
3734.png,1,6
3735.png,0,6
3736.png,1,6
3737.png,0,6
3738.png,0,6
3739.png,0,6
3740.png,0,6
3741.png,1,6
3742.png,0,6
3743.png,0,6
3744.png,0,6
3745.png,0,6
3746.png,0,6
3747.png,0,6
3748.png,0,6
3749.png,0,6
3750.png,0,6
3751.png,0,6
3752.png,0,6
3753.png,0,6
3754.png,0,6
3755.png,0,6
3756.png,0,6
3757.png,0,6
3758.png,0,6
3759.png,0,6
3760.png,1,6
3761.png,1,6
3762.png,0,6
3763.png,0,6
3764.png,0,6
3765.png,0,6
3766.png,0,6
3767.png,0,6
3768.png,0,6
3769.png,0,6
3770.png,0,6
3771.png,1,6
3772.png,0,6
3773.png,0,6
3774.png,1,6
3775.png,0,6
3776.png,0,6
3777.png,0,6
3778.png,0,6
3779.png,0,6
3780.png,0,6
3781.png,0,6
3782.png,0,6
3783.png,1,6
3784.png,0,6
3785.png,1,6
3786.png,0,6
3787.png,0,6
3788.png,0,6
3789.png,0,6
3790.png,0,6
3791.png,0,6
3792.png,0,6
3793.png,1,6
3794.png,0,6
3795.png,0,6
3796.png,0,6
3797.png,0,6
3798.png,0,6
3799.png,0,6
3800.png,0,6
3801.png,0,6
3802.png,0,6
3803.png,0,6
3804.png,0,6
3805.png,0,6
3806.png,0,6
3807.png,0,6
3808.png,0,6
3809.png,0,6
3810.png,0,6
3811.png,0,6
3812.png,1,6
3813.png,0,6
3814.png,0,6
3815.png,0,6
3816.png,0,6
3817.png,0,6
3818.png,0,6
3819.png,0,6
3820.png,1,6
3821.png,0,6
3822.png,1,6
3823.png,0,6
3824.png,0,6
3825.png,0,6
3826.png,0,6
3827.png,0,6
3828.png,0,6
3829.png,0,6
3830.png,0,6
3831.png,0,6
3832.png,0,6
3833.png,0,6
3834.png,0,6
3835.png,0,6
3836.png,0,6
3837.png,0,6
3838.png,0,6
3839.png,0,6
3840.png,0,6
3841.png,0,6
3842.png,0,6
3843.png,0,6
3844.png,1,6
3845.png,0,6
3846.png,0,6
3847.png,0,6
3848.png,0,6
3849.png,0,6
3850.png,0,6
3851.png,0,6
3852.png,1,6
3853.png,0,6
3854.png,0,6
3855.png,0,6
3856.png,0,6
3857.png,0,6
3858.png,0,6
3859.png,1,6
3860.png,0,6
3861.png,0,6
3862.png,0,6
3863.png,0,6
3864.png,0,6
3865.png,0,6
3866.png,0,6
3867.png,0,6
3868.png,0,6
3869.png,0,6
3870.png,0,6
3871.png,0,6
3872.png,0,6
3873.png,0,6
3874.png,0,6
3875.png,0,6
3876.png,0,6
3877.png,0,6
3878.png,0,6
3879.png,1,6
3880.png,1,6
3881.png,0,6
3882.png,0,6
3883.png,0,6
3884.png,0,6
3885.png,0,6
3886.png,0,6
3887.png,0,6
3888.png,1,6
3889.png,1,6
3890.png,0,6
3891.png,0,6
3892.png,0,6
3893.png,0,6
3894.png,0,6
3895.png,0,6
3896.png,0,6
3897.png,0,6
3898.png,0,6
3899.png,0,6
3900.png,0,6
3901.png,0,6
3902.png,0,6
3903.png,0,6
3904.png,0,6
3905.png,0,6
3906.png,0,6
3907.png,0,6
3908.png,1,6
3909.png,0,6
3910.png,1,6
3911.png,0,6
3912.png,0,6
3913.png,0,6
3914.png,0,6
3915.png,1,6
3916.png,0,6
3917.png,0,6
3918.png,0,6
3919.png,0,6
3920.png,0,6
3921.png,0,6
3922.png,0,6
3923.png,0,6
3924.png,0,6
3925.png,0,6
3926.png,0,6
3927.png,0,6
3928.png,0,6
3929.png,0,6
3930.png,0,6
3931.png,0,6
3932.png,1,6
3933.png,0,6
3934.png,1,6
3935.png,1,6
3936.png,0,6
3937.png,0,6
3938.png,0,6
3939.png,0,6
3940.png,0,6
3941.png,0,6
3942.png,0,6
3943.png,0,6
3944.png,1,6
3945.png,0,6
3946.png,0,6
3947.png,0,6
3948.png,0,6
3949.png,0,6
3950.png,0,6
3951.png,0,6
3952.png,1,6
3953.png,0,6
3954.png,0,6
3955.png,0,6
3956.png,0,6
3957.png,0,6
3958.png,0,6
3959.png,0,6
3960.png,0,6
3961.png,0,6
3962.png,0,6
3963.png,0,6
3964.png,0,6
3965.png,0,6
3966.png,0,6
3967.png,0,6
3968.png,0,6
3969.png,0,6
3970.png,0,6
3971.png,0,6
3972.png,0,6
3973.png,0,6
3974.png,0,6
3975.png,0,6
3976.png,0,6
3977.png,1,6
3978.png,0,6
3979.png,0,6
3980.png,0,6
3981.png,0,6
3982.png,0,6
3983.png,0,6
3984.png,0,6
3985.png,0,6
3986.png,0,6
3987.png,0,6
3988.png,0,6
3989.png,0,6
3990.png,0,6
3991.png,1,6
3992.png,0,6
3993.png,0,6
3994.png,0,6
3995.png,0,6
3996.png,0,6
3997.png,0,6
3998.png,1,6
3999.png,0,6
4000.png,0,6
4001.png,1,6
4002.png,0,6
4003.png,0,6
4004.png,0,6
4005.png,0,6
4006.png,0,6
4007.png,1,6
4008.png,0,6
4009.png,0,6
4010.png,0,6
4011.png,0,6
4012.png,0,6
4013.png,1,6
4014.png,0,6
4015.png,0,6
4016.png,0,6
4017.png,0,6
4018.png,0,6
4019.png,0,6
4020.png,0,6
4021.png,0,6
4022.png,0,6
4023.png,0,6
4024.png,0,6
4025.png,0,6
4026.png,0,6
4027.png,0,6
4028.png,0,6
4029.png,0,6
4030.png,0,6
4031.png,0,6
4032.png,1,6
4033.png,0,6
4034.png,0,6
4035.png,0,6
4036.png,0,6
4037.png,0,6
4038.png,0,6
4039.png,0,6
4040.png,0,6
4041.png,0,6
4042.png,0,6
4043.png,0,6
4044.png,0,6
4045.png,0,6
4046.png,0,6
4047.png,0,6
4048.png,0,6
4049.png,1,6
4050.png,0,6
4051.png,0,6
4052.png,0,6
4053.png,0,6
4054.png,0,6
4055.png,0,6
4056.png,0,6
4057.png,1,6
4058.png,0,6
4059.png,0,6
4060.png,0,6
4061.png,0,6
4062.png,0,6
4063.png,0,6
4064.png,0,6
4065.png,0,6
4066.png,0,6
4067.png,0,6
4068.png,0,6
4069.png,1,6
4070.png,0,6
4071.png,0,6
4072.png,0,6
4073.png,0,6
4074.png,0,6
4075.png,0,6
4076.png,0,6
4077.png,0,6
4078.png,0,6
4079.png,0,6
4080.png,0,6
4081.png,0,6
4082.png,1,6
4083.png,0,6
4084.png,0,6
4085.png,0,6
4086.png,1,6
4087.png,0,6
4088.png,0,6
4089.png,0,6
4090.png,0,6
4091.png,0,6
4092.png,1,6
4093.png,0,6
4094.png,0,6
4095.png,0,6
4096.png,1,6
4097.png,0,6
4098.png,0,6
4099.png,0,6
4100.png,0,6
4101.png,0,6
4102.png,1,6
4103.png,0,6
4104.png,0,6
4105.png,1,6
4106.png,0,6
4107.png,0,6
4108.png,0,6
4109.png,0,6
4110.png,1,6
4111.png,1,6
4112.png,0,6
4113.png,0,6
4114.png,0,6
4115.png,0,6
4116.png,0,6
4117.png,0,6
4118.png,0,6
4119.png,0,6
4120.png,0,6
4121.png,1,6
4122.png,0,6
4123.png,0,6
4124.png,0,6
4125.png,0,6
4126.png,0,6
4127.png,0,6
4128.png,0,6
4129.png,0,6
4130.png,1,6
4131.png,0,6
4132.png,0,6
4133.png,0,6
4134.png,1,6
4135.png,0,6
4136.png,0,6
4137.png,0,6
4138.png,0,6
4139.png,0,6
4140.png,0,6
4141.png,0,6
4142.png,0,6
4143.png,0,6
4144.png,0,6
4145.png,0,6
4146.png,0,6
4147.png,0,6
4148.png,0,6
4149.png,0,6
4150.png,0,6
4151.png,0,6
4152.png,0,6
4153.png,0,6
4154.png,0,6
4155.png,0,6
4156.png,0,6
4157.png,0,6
4158.png,0,6
4159.png,0,6
4160.png,0,6
4161.png,0,6
4162.png,0,6
4163.png,0,6
4164.png,0,6
4165.png,0,6
4166.png,0,6
4167.png,0,6
4168.png,0,6
4169.png,0,6
4170.png,0,6
4171.png,0,6
4172.png,0,6
4173.png,0,6
4174.png,0,6
4175.png,1,6
4176.png,0,6
4177.png,0,6
4178.png,0,6
4179.png,0,6
4180.png,1,6
4181.png,0,6
4182.png,0,6
4183.png,0,6
4184.png,0,6
4185.png,0,6
4186.png,0,6
4187.png,1,6
4188.png,0,6
4189.png,0,6
4190.png,0,6
4191.png,0,6
4192.png,0,6
4193.png,1,6
4194.png,0,6
4195.png,0,6
4196.png,0,6
4197.png,0,6
4198.png,0,6
4199.png,0,6
4200.png,0,6
4201.png,0,6
4202.png,0,6
4203.png,0,6
4204.png,0,6
4205.png,0,6
4206.png,0,6
4207.png,0,6
4208.png,0,6
4209.png,0,6
4210.png,0,6
4211.png,0,6
4212.png,0,6
4213.png,0,6
4214.png,0,6
4215.png,0,6
4216.png,0,6
4217.png,0,6
4218.png,0,6
4219.png,0,6
4220.png,0,6
4221.png,0,6
4222.png,1,6
4223.png,0,6
4224.png,0,6
4225.png,0,6
4226.png,0,6
4227.png,0,6
4228.png,0,6
4229.png,0,6
4230.png,0,6
4231.png,0,6
4232.png,0,6
4233.png,0,6
4234.png,0,6
4235.png,0,6
4236.png,0,6
4237.png,0,6
4238.png,0,6
4239.png,0,6
4240.png,1,6
4241.png,0,6
4242.png,0,6
4243.png,1,6
4244.png,0,6
4245.png,0,6
4246.png,0,6
4247.png,1,6
4248.png,0,6
4249.png,1,6
4250.png,0,6
4251.png,0,6
4252.png,0,6
4253.png,0,6
4254.png,0,6
4255.png,0,6
4256.png,0,6
4257.png,0,6
4258.png,0,6
4259.png,0,6
4260.png,1,6
4261.png,0,6
4262.png,0,6
4263.png,0,6
4264.png,0,6
4265.png,0,6
4266.png,1,6
4267.png,1,6
4268.png,0,6
4269.png,0,6
4270.png,0,6
4271.png,0,6
4272.png,0,6
4273.png,0,6
4274.png,0,6
4275.png,0,6
4276.png,1,6
4277.png,0,6
4278.png,0,6
4279.png,0,6
4280.png,0,6
4281.png,0,6
4282.png,0,6
4283.png,0,6
4284.png,0,6
4285.png,0,6
4286.png,0,6
4287.png,0,6
4288.png,0,6
4289.png,1,6
4290.png,0,6
4291.png,1,6
4292.png,0,6
4293.png,0,6
4294.png,0,6
4295.png,0,6
4296.png,0,6
4297.png,0,6
4298.png,0,6
4299.png,1,6
4300.png,0,6
4301.png,0,6
4302.png,0,6
4303.png,0,6
4304.png,0,6
4305.png,0,6
4306.png,0,6
4307.png,0,6
4308.png,0,6
4309.png,1,6
4310.png,0,6
4311.png,0,6
4312.png,1,6
4313.png,0,6
4314.png,0,6
4315.png,0,6
4316.png,0,6
4317.png,0,6
4318.png,0,6
4319.png,0,6
4320.png,0,6
4321.png,1,6
4322.png,0,6
4323.png,0,6
4324.png,1,6
4325.png,0,6
4326.png,0,6
4327.png,0,6
4328.png,0,6
4329.png,0,6
4330.png,0,6
4331.png,0,6
4332.png,0,6
4333.png,1,6
4334.png,0,6
4335.png,0,6
4336.png,1,6
4337.png,0,6
4338.png,1,6
4339.png,0,6
4340.png,0,6
4341.png,0,6
4342.png,1,6
4343.png,0,6
4344.png,0,6
4345.png,0,6
4346.png,1,6
4347.png,0,6
4348.png,0,6
4349.png,0,6
4350.png,0,6
4351.png,1,6
4352.png,1,6
4353.png,1,6
4354.png,0,6
4355.png,0,6
4356.png,0,6
4357.png,0,6
4358.png,0,6
4359.png,0,6
4360.png,0,6
4361.png,0,6
4362.png,0,6
4363.png,0,6
4364.png,0,6
4365.png,0,6
4366.png,0,6
4367.png,0,6
4368.png,0,6
4369.png,0,6
4370.png,0,6
4371.png,0,6
4372.png,0,6
4373.png,0,6
4374.png,0,6
4375.png,0,6
4376.png,1,6
4377.png,0,6
4378.png,0,6
4379.png,1,6
4380.png,0,6
4381.png,0,6
4382.png,0,6
4383.png,0,6
4384.png,0,6
4385.png,0,6
4386.png,0,6
4387.png,0,6
4388.png,0,6
4389.png,0,6
4390.png,0,6
4391.png,0,6
4392.png,0,6
4393.png,0,6
4394.png,0,6
4395.png,0,6
4396.png,0,6
4397.png,0,6
4398.png,1,6
4399.png,0,6
4400.png,0,6
4401.png,1,6
4402.png,1,6
4403.png,0,6
4404.png,0,6
4405.png,0,6
4406.png,0,6
4407.png,0,6
4408.png,0,6
4409.png,0,6
4410.png,0,6
4411.png,0,6
4412.png,0,6
4413.png,0,6
4414.png,0,6
4415.png,0,6
4416.png,0,6
4417.png,0,6
4418.png,1,6
4419.png,0,6
4420.png,0,6
4421.png,0,6
4422.png,0,6
4423.png,1,6
4424.png,0,6
4425.png,0,6
4426.png,0,6
4427.png,0,6
4428.png,0,6
4429.png,1,6
4430.png,0,6
4431.png,0,6
4432.png,0,6
4433.png,1,6
4434.png,0,6
4435.png,0,6
4436.png,0,6
4437.png,0,6
4438.png,0,6
4439.png,0,6
4440.png,0,6
4441.png,0,6
4442.png,0,6
4443.png,0,6
4444.png,0,6
4445.png,0,6
4446.png,0,6
4447.png,0,6
4448.png,0,6
4449.png,0,6
4450.png,0,6
4451.png,0,6
4452.png,0,6
4453.png,0,6
4454.png,0,6
4455.png,0,6
4456.png,0,6
4457.png,0,6
4458.png,0,6
4459.png,0,6
4460.png,1,6
4461.png,0,6
4462.png,1,6
4463.png,0,6
4464.png,0,6
4465.png,0,6
4466.png,0,6
4467.png,0,6
4468.png,1,6
4469.png,0,6
4470.png,0,6
4471.png,0,6
4472.png,0,6
4473.png,0,6
4474.png,0,6
4475.png,0,6
4476.png,0,6
4477.png,0,6
4478.png,0,6
4479.png,0,6
4480.png,0,6
4481.png,0,6
4482.png,0,6
4483.png,0,6
4484.png,0,6
4485.png,0,6
4486.png,0,6
4487.png,0,6
4488.png,0,6
4489.png,0,6
4490.png,0,6
4491.png,0,6
4492.png,0,6
4493.png,0,6
4494.png,0,6
4495.png,1,6
4496.png,0,6
4497.png,0,6
4498.png,0,6
4499.png,1,6
4500.png,0,6
4501.png,0,6
4502.png,0,6
4503.png,0,6
4504.png,0,6
4505.png,0,6
4506.png,0,6
4507.png,0,6
4508.png,0,6
4509.png,0,6
4510.png,0,6
4511.png,0,6
4512.png,0,6
4513.png,0,6
4514.png,0,6
4515.png,0,6
4516.png,0,6
4517.png,0,6
4518.png,0,6
4519.png,0,6
4520.png,0,6
4521.png,0,6
4522.png,1,6
4523.png,0,6
4524.png,0,6
4525.png,0,6
4526.png,0,6
4527.png,1,6
4528.png,0,6
4529.png,0,6
4530.png,0,6
4531.png,0,6
4532.png,0,6
4533.png,0,6
4534.png,0,6
4535.png,0,6
4536.png,0,6
4537.png,0,6
4538.png,1,6
4539.png,1,6
4540.png,0,6
4541.png,0,6
4542.png,0,6
4543.png,0,6
4544.png,0,6
4545.png,0,6
4546.png,0,6
4547.png,1,6
4548.png,0,6
4549.png,0,6
4550.png,0,6
4551.png,0,6
4552.png,0,6
4553.png,1,6
4554.png,0,6
4555.png,1,6
4556.png,0,6
4557.png,0,6
4558.png,0,6
4559.png,0,6
4560.png,0,6
4561.png,0,6
4562.png,0,6
4563.png,0,6
4564.png,0,6
4565.png,0,6
4566.png,0,6
4567.png,0,6
4568.png,1,6
4569.png,1,6
4570.png,0,6
4571.png,0,6
4572.png,1,6
4573.png,0,6
4574.png,0,6
4575.png,0,6
4576.png,0,6
4577.png,0,6
4578.png,0,6
4579.png,0,6
4580.png,0,6
4581.png,1,6
4582.png,1,6
4583.png,1,6
4584.png,1,6
4585.png,1,6
4586.png,1,6
4587.png,1,6
4588.png,1,6
4589.png,1,6
4590.png,1,6
4591.png,1,6
4592.png,1,6
4593.png,1,6
4594.png,1,6
4595.png,1,6
4596.png,1,6
4597.png,1,6
4598.png,1,6
4599.png,1,6
4600.png,0,7
4601.png,1,7
4602.png,0,7
4603.png,1,7
4604.png,0,7
4605.png,0,7
4606.png,0,7
4607.png,0,7
4608.png,1,7
4609.png,0,7
4610.png,0,7
4611.png,0,7
4612.png,0,7
4613.png,1,7
4614.png,0,7
4615.png,0,7
4616.png,0,7
4617.png,1,7
4618.png,1,7
4619.png,0,7
4620.png,1,7
4621.png,0,7
4622.png,0,7
4623.png,0,7
4624.png,0,7
4625.png,0,7
4626.png,0,7
4627.png,0,7
4628.png,0,7
4629.png,0,7
4630.png,0,7
4631.png,1,7
4632.png,0,7
4633.png,0,7
4634.png,0,7
4635.png,0,7
4636.png,0,7
4637.png,0,7
4638.png,0,7
4639.png,0,7
4640.png,0,7
4641.png,0,7
4642.png,0,7
4643.png,0,7
4644.png,0,7
4645.png,0,7
4646.png,0,7
4647.png,0,7
4648.png,0,7
4649.png,0,7
4650.png,0,7
4651.png,0,7
4652.png,0,7
4653.png,0,7
4654.png,0,7
4655.png,0,7
4656.png,0,7
4657.png,0,7
4658.png,0,7
4659.png,0,7
4660.png,0,7
4661.png,0,7
4662.png,0,7
4663.png,0,7
4664.png,0,7
4665.png,0,7
4666.png,1,7
4667.png,0,7
4668.png,0,7
4669.png,0,7
4670.png,0,7
4671.png,0,7
4672.png,0,7
4673.png,0,7
4674.png,0,7
4675.png,0,7
4676.png,0,7
4677.png,0,7
4678.png,0,7
4679.png,0,7
4680.png,0,7
4681.png,0,7
4682.png,0,7
4683.png,0,7
4684.png,0,7
4685.png,0,7
4686.png,0,7
4687.png,0,7
4688.png,0,7
4689.png,0,7
4690.png,0,7
4691.png,0,7
4692.png,0,7
4693.png,0,7
4694.png,1,7
4695.png,0,7
4696.png,0,7
4697.png,1,7
4698.png,1,7
4699.png,1,7
4700.png,0,7
4701.png,0,7
4702.png,0,7
4703.png,0,7
4704.png,0,7
4705.png,0,7
4706.png,0,7
4707.png,1,7
4708.png,1,7
4709.png,0,7
4710.png,0,7
4711.png,0,7
4712.png,1,7
4713.png,0,7
4714.png,0,7
4715.png,0,7
4716.png,0,7
4717.png,0,7
4718.png,0,7
4719.png,0,7
4720.png,0,7
4721.png,0,7
4722.png,0,7
4723.png,1,7
4724.png,0,7
4725.png,0,7
4726.png,1,7
4727.png,0,7
4728.png,0,7
4729.png,0,7
4730.png,0,7
4731.png,0,7
4732.png,0,7
4733.png,0,7
4734.png,0,7
4735.png,0,7
4736.png,0,7
4737.png,0,7
4738.png,0,7
4739.png,0,7
4740.png,0,7
4741.png,0,7
4742.png,0,7
4743.png,0,7
4744.png,0,7
4745.png,0,7
4746.png,0,7
4747.png,1,7
4748.png,0,7
4749.png,0,7
4750.png,1,7
4751.png,0,7
4752.png,0,7
4753.png,0,7
4754.png,0,7
4755.png,0,7
4756.png,0,7
4757.png,0,7
4758.png,0,7
4759.png,0,7
4760.png,0,7
4761.png,1,7
4762.png,0,7
4763.png,0,7
4764.png,0,7
4765.png,0,7
4766.png,0,7
4767.png,0,7
4768.png,1,7
4769.png,0,7
4770.png,0,7
4771.png,1,7
4772.png,0,7
4773.png,0,7
4774.png,0,7
4775.png,1,7
4776.png,1,7
4777.png,0,7
4778.png,0,7
4779.png,0,7
4780.png,0,7
4781.png,0,7
4782.png,0,7
4783.png,0,7
4784.png,0,7
4785.png,1,7
4786.png,0,7
4787.png,0,7
4788.png,1,7
4789.png,0,7
4790.png,0,7
4791.png,1,7
4792.png,0,7
4793.png,0,7
4794.png,1,7
4795.png,0,7
4796.png,0,7
4797.png,0,7
4798.png,1,7
4799.png,0,7
4800.png,0,7
4801.png,0,7
4802.png,0,7
4803.png,0,7
4804.png,0,7
4805.png,1,7
4806.png,0,7
4807.png,0,7
4808.png,0,7
4809.png,1,7
4810.png,0,7
4811.png,0,7
4812.png,0,7
4813.png,0,7
4814.png,0,7
4815.png,0,7
4816.png,0,7
4817.png,0,7
4818.png,0,7
4819.png,1,7
4820.png,0,7
4821.png,0,7
4822.png,0,7
4823.png,0,7
4824.png,1,7
4825.png,0,7
4826.png,1,7
4827.png,1,7
4828.png,0,7
4829.png,0,7
4830.png,0,7
4831.png,0,7
4832.png,0,7
4833.png,1,7
4834.png,0,7
4835.png,1,7
4836.png,0,7
4837.png,0,7
4838.png,0,7
4839.png,0,7
4840.png,0,7
4841.png,0,7
4842.png,0,7
4843.png,1,7
4844.png,0,7
4845.png,0,7
4846.png,0,7
4847.png,0,7
4848.png,0,7
4849.png,0,7
4850.png,0,7
4851.png,0,7
4852.png,0,7
4853.png,0,7
4854.png,0,7
4855.png,0,7
4856.png,0,7
4857.png,0,7
4858.png,0,7
4859.png,0,7
4860.png,0,7
4861.png,0,7
4862.png,0,7
4863.png,0,7
4864.png,0,7
4865.png,0,7
4866.png,0,7
4867.png,0,7
4868.png,0,7
4869.png,0,7
4870.png,0,7
4871.png,1,7
4872.png,0,7
4873.png,0,7
4874.png,0,7
4875.png,0,7
4876.png,0,7
4877.png,0,7
4878.png,0,7
4879.png,0,7
4880.png,0,7
4881.png,0,7
4882.png,0,7
4883.png,0,7
4884.png,0,7
4885.png,0,7
4886.png,0,7
4887.png,0,7
4888.png,0,7
4889.png,0,7
4890.png,0,7
4891.png,0,7
4892.png,0,7
4893.png,0,7
4894.png,0,7
4895.png,0,7
4896.png,0,7
4897.png,0,7
4898.png,0,7
4899.png,0,7
4900.png,0,7
4901.png,0,7
4902.png,1,7
4903.png,0,7
4904.png,0,7
4905.png,0,7
4906.png,0,7
4907.png,1,7
4908.png,0,7
4909.png,0,7
4910.png,0,7
4911.png,0,7
4912.png,0,7
4913.png,0,7
4914.png,1,7
4915.png,0,7
4916.png,0,7
4917.png,0,7
4918.png,0,7
4919.png,0,7
4920.png,0,7
4921.png,1,7
4922.png,0,7
4923.png,0,7
4924.png,1,7
4925.png,0,7
4926.png,1,7
4927.png,1,7
4928.png,0,7
4929.png,0,7
4930.png,0,7
4931.png,0,7
4932.png,0,7
4933.png,0,7
4934.png,0,7
4935.png,1,7
4936.png,0,7
4937.png,0,7
4938.png,0,7
4939.png,1,7
4940.png,0,7
4941.png,0,7
4942.png,0,7
4943.png,0,7
4944.png,0,7
4945.png,1,7
4946.png,1,7
4947.png,0,7
4948.png,0,7
4949.png,0,7
4950.png,1,7
4951.png,1,7
4952.png,0,7
4953.png,1,7
4954.png,0,7
4955.png,0,7
4956.png,0,7
4957.png,0,7
4958.png,0,7
4959.png,0,7
4960.png,0,7
4961.png,0,7
4962.png,1,7
4963.png,0,7
4964.png,0,7
4965.png,0,7
4966.png,0,7
4967.png,1,7
4968.png,0,7
4969.png,1,7
4970.png,0,7
4971.png,0,7
4972.png,0,7
4973.png,0,7
4974.png,1,7
4975.png,0,7
4976.png,0,7
4977.png,0,7
4978.png,0,7
4979.png,1,7
4980.png,0,7
4981.png,0,7
4982.png,0,7
4983.png,0,7
4984.png,0,7
4985.png,0,7
4986.png,0,7
4987.png,0,7
4988.png,0,7
4989.png,0,7
4990.png,0,7
4991.png,0,7
4992.png,0,7
4993.png,0,7
4994.png,0,7
4995.png,0,7
4996.png,0,7
4997.png,0,7
4998.png,0,7
4999.png,0,7
5000.png,0,7
5001.png,0,7
5002.png,0,7
5003.png,1,7
5004.png,0,7
5005.png,0,7
5006.png,0,7
5007.png,0,7
5008.png,0,7
5009.png,0,7
5010.png,0,7
5011.png,0,7
5012.png,0,7
5013.png,0,7
5014.png,0,7
5015.png,0,7
5016.png,0,7
5017.png,0,7
5018.png,0,7
5019.png,0,7
5020.png,0,7
5021.png,0,7
5022.png,0,7
5023.png,1,7
5024.png,0,7
5025.png,0,7
5026.png,0,7
5027.png,0,7
5028.png,0,7
5029.png,0,7
5030.png,0,7
5031.png,0,7
5032.png,1,7
5033.png,1,7
5034.png,0,7
5035.png,0,7
5036.png,0,7
5037.png,0,7
5038.png,0,7
5039.png,0,7
5040.png,0,7
5041.png,0,7
5042.png,0,7
5043.png,0,7
5044.png,0,7
5045.png,0,7
5046.png,0,7
5047.png,0,7
5048.png,0,7
5049.png,0,7
5050.png,0,7
5051.png,0,7
5052.png,0,7
5053.png,0,7
5054.png,0,7
5055.png,0,7
5056.png,0,7
5057.png,0,7
5058.png,0,7
5059.png,0,7
5060.png,0,7
5061.png,1,7
5062.png,0,7
5063.png,0,7
5064.png,0,7
5065.png,0,7
5066.png,1,7
5067.png,0,7
5068.png,1,7
5069.png,0,7
5070.png,0,7
5071.png,0,7
5072.png,0,7
5073.png,0,7
5074.png,0,7
5075.png,1,7
5076.png,0,7
5077.png,0,7
5078.png,0,7
5079.png,0,7
5080.png,0,7
5081.png,0,7
5082.png,0,7
5083.png,0,7
5084.png,0,7
5085.png,0,7
5086.png,0,7
5087.png,0,7
5088.png,0,7
5089.png,0,7
5090.png,0,7
5091.png,0,7
5092.png,0,7
5093.png,0,7
5094.png,0,7
5095.png,0,7
5096.png,0,7
5097.png,0,7
5098.png,0,7
5099.png,0,7
5100.png,0,7
5101.png,0,7
5102.png,0,7
5103.png,1,7
5104.png,0,7
5105.png,0,7
5106.png,0,7
5107.png,1,7
5108.png,0,7
5109.png,0,7
5110.png,0,7
5111.png,0,7
5112.png,0,7
5113.png,0,7
5114.png,0,7
5115.png,0,7
5116.png,0,7
5117.png,0,7
5118.png,0,7
5119.png,1,7
5120.png,0,7
5121.png,0,7
5122.png,0,7
5123.png,0,7
5124.png,1,7
5125.png,0,7
5126.png,0,7
5127.png,1,7
5128.png,0,7
5129.png,0,7
5130.png,0,7
5131.png,0,7
5132.png,0,7
5133.png,0,7
5134.png,0,7
5135.png,0,7
5136.png,0,7
5137.png,0,7
5138.png,0,7
5139.png,0,7
5140.png,0,7
5141.png,0,7
5142.png,0,7
5143.png,0,7
5144.png,0,7
5145.png,0,7
5146.png,0,7
5147.png,0,7
5148.png,0,7
5149.png,0,7
5150.png,0,7
5151.png,0,7
5152.png,0,7
5153.png,0,7
5154.png,0,7
5155.png,0,7
5156.png,0,7
5157.png,0,7
5158.png,1,7
5159.png,0,7
5160.png,0,7
5161.png,0,7
5162.png,0,7
5163.png,0,7
5164.png,0,7
5165.png,0,7
5166.png,0,7
5167.png,0,7
5168.png,0,7
5169.png,0,7
5170.png,0,7
5171.png,0,7
5172.png,0,7
5173.png,0,7
5174.png,0,7
5175.png,0,7
5176.png,0,7
5177.png,0,7
5178.png,0,7
5179.png,1,7
5180.png,1,7
5181.png,1,7
5182.png,0,7
5183.png,0,7
5184.png,0,7
5185.png,0,7
5186.png,0,7
5187.png,0,7
5188.png,0,7
5189.png,0,7
5190.png,0,7
5191.png,0,7
5192.png,0,7
5193.png,0,7
5194.png,0,7
5195.png,0,7
5196.png,0,7
5197.png,0,7
5198.png,0,7
5199.png,1,7
5200.png,0,7
5201.png,0,7
5202.png,0,7
5203.png,0,7
5204.png,0,7
5205.png,0,7
5206.png,0,7
5207.png,0,7
5208.png,0,7
5209.png,1,7
5210.png,1,7
5211.png,0,7
5212.png,0,7
5213.png,1,7
5214.png,0,7
5215.png,0,7
5216.png,0,7
5217.png,0,7
5218.png,0,7
5219.png,0,7
5220.png,0,7
5221.png,0,7
5222.png,0,7
5223.png,1,7
5224.png,0,7
5225.png,0,7
5226.png,0,7
5227.png,0,7
5228.png,0,7
5229.png,0,7
5230.png,0,7
5231.png,0,7
5232.png,0,7
5233.png,0,7
5234.png,0,7
5235.png,0,7
5236.png,0,7
5237.png,0,7
5238.png,0,7
5239.png,1,7
5240.png,0,7
5241.png,1,7
5242.png,0,7
5243.png,0,7
5244.png,0,7
5245.png,0,7
5246.png,0,7
5247.png,0,7
5248.png,0,7
5249.png,0,7
5250.png,1,7
5251.png,0,7
5252.png,0,7
5253.png,0,7
5254.png,0,7
5255.png,0,7
5256.png,0,7
5257.png,1,7
5258.png,0,7
5259.png,1,7
5260.png,0,7
5261.png,0,7
5262.png,0,7
5263.png,0,7
5264.png,0,7
5265.png,0,7
5266.png,0,7
5267.png,0,7
5268.png,0,7
5269.png,1,7
5270.png,0,7
5271.png,0,7
5272.png,1,7
5273.png,0,7
5274.png,1,7
5275.png,0,7
5276.png,1,7
5277.png,1,7
5278.png,0,7
5279.png,0,7
5280.png,1,7
5281.png,0,7
5282.png,0,7
5283.png,1,7
5284.png,0,7
5285.png,0,7
5286.png,0,7
5287.png,1,7
5288.png,1,7
5289.png,0,7
5290.png,0,7
5291.png,0,7
5292.png,0,7
5293.png,0,7
5294.png,0,7
5295.png,0,7
5296.png,0,7
5297.png,0,7
5298.png,0,7
5299.png,1,7
5300.png,0,7
5301.png,0,7
5302.png,0,7
5303.png,0,7
5304.png,0,7
5305.png,0,7
5306.png,1,7
5307.png,1,7
5308.png,0,7
5309.png,0,7
5310.png,0,7
5311.png,0,7
5312.png,0,7
5313.png,0,7
5314.png,0,7
5315.png,0,7
5316.png,0,7
5317.png,0,7
5318.png,0,7
5319.png,0,7
5320.png,0,7
5321.png,0,7
5322.png,0,7
5323.png,0,7
5324.png,0,7
5325.png,0,7
5326.png,0,7
5327.png,0,7
5328.png,0,7
5329.png,0,7
5330.png,0,7
5331.png,0,7
5332.png,0,7
5333.png,0,7
5334.png,0,7
5335.png,0,7
5336.png,1,7
5337.png,0,7
5338.png,0,7
5339.png,0,7
5340.png,0,7
5341.png,0,7
5342.png,0,7
5343.png,0,7
5344.png,0,7
5345.png,0,7
5346.png,0,7
5347.png,0,7
5348.png,0,7
5349.png,0,7
5350.png,0,7
5351.png,0,7
5352.png,0,7
5353.png,0,7
5354.png,0,7
5355.png,0,7
5356.png,0,7
5357.png,0,7
5358.png,0,7
5359.png,1,7
5360.png,1,7
5361.png,0,7
5362.png,0,7
5363.png,0,7
5364.png,1,7
5365.png,0,7
5366.png,0,7
5367.png,0,7
5368.png,0,7
5369.png,0,7
5370.png,0,7
5371.png,0,7
5372.png,0,7
5373.png,1,7
5374.png,1,7
5375.png,0,7
5376.png,0,7
5377.png,0,7
5378.png,0,7
5379.png,0,7
5380.png,0,7
5381.png,0,7
5382.png,0,7
5383.png,0,7
5384.png,0,7
5385.png,0,7
5386.png,0,7
5387.png,0,7
5388.png,0,7
5389.png,0,7
5390.png,0,7
5391.png,0,7
5392.png,0,7
5393.png,0,7
5394.png,0,7
5395.png,0,7
5396.png,0,7
5397.png,0,7
5398.png,0,7
5399.png,0,7
5400.png,1,7
5401.png,0,7
5402.png,0,7
5403.png,0,7
5404.png,0,7
5405.png,0,7
5406.png,0,7
5407.png,0,7
5408.png,0,7
5409.png,0,7
5410.png,0,7
5411.png,0,7
5412.png,0,7
5413.png,0,7
5414.png,0,7
5415.png,0,7
5416.png,0,7
5417.png,0,7
5418.png,0,7
5419.png,0,7
5420.png,0,7
5421.png,0,7
5422.png,0,7
5423.png,0,7
5424.png,0,7
5425.png,0,7
5426.png,0,7
5427.png,0,7
5428.png,0,7
5429.png,0,7
5430.png,0,7
5431.png,0,7
5432.png,0,7
5433.png,0,7
5434.png,0,7
5435.png,0,7
5436.png,0,7
5437.png,0,7
5438.png,0,7
5439.png,0,7
5440.png,0,7
5441.png,0,7
5442.png,1,7
5443.png,0,7
5444.png,0,7
5445.png,1,7
5446.png,0,7
5447.png,0,7
5448.png,0,7
5449.png,0,7
5450.png,0,7
5451.png,0,7
5452.png,0,7
5453.png,0,7
5454.png,0,7
5455.png,0,7
5456.png,1,7
5457.png,0,7
5458.png,1,7
5459.png,0,7
5460.png,0,7
5461.png,0,7
5462.png,1,7
5463.png,0,7
5464.png,0,7
5465.png,0,7
5466.png,0,7
5467.png,0,7
5468.png,0,7
5469.png,0,7
5470.png,0,7
5471.png,0,7
5472.png,0,7
5473.png,0,7
5474.png,0,7
5475.png,1,7
5476.png,0,7
5477.png,0,7
5478.png,0,7
5479.png,0,7
5480.png,0,7
5481.png,0,7
5482.png,0,7
5483.png,0,7
5484.png,0,7
5485.png,0,7
5486.png,1,7
5487.png,0,7
5488.png,0,7
5489.png,0,7
5490.png,0,7
5491.png,0,7
5492.png,0,7
5493.png,0,7
5494.png,0,7
5495.png,0,7
5496.png,0,7
5497.png,0,7
5498.png,0,7
5499.png,0,7
5500.png,0,7
5501.png,0,7
5502.png,1,7
5503.png,0,7
5504.png,0,7
5505.png,1,7
5506.png,0,7
5507.png,0,7
5508.png,0,7
5509.png,0,7
5510.png,0,7
5511.png,0,7
5512.png,0,7
5513.png,0,7
5514.png,0,7
5515.png,0,7
5516.png,1,7
5517.png,0,7
5518.png,0,7
5519.png,0,7
5520.png,0,7
5521.png,0,7
5522.png,0,7
5523.png,0,7
5524.png,0,7
5525.png,0,7
5526.png,0,7
5527.png,0,7
5528.png,0,7
5529.png,0,7
5530.png,0,7
5531.png,1,7
5532.png,0,7
5533.png,1,7
5534.png,0,7
5535.png,0,7
5536.png,0,7
5537.png,0,7
5538.png,0,7
5539.png,0,7
5540.png,0,7
5541.png,0,7
5542.png,1,7
5543.png,1,7
5544.png,1,7
5545.png,0,7
5546.png,1,7
5547.png,0,7
5548.png,0,7
5549.png,0,7
5550.png,0,7
5551.png,0,7
5552.png,0,7
5553.png,0,7
5554.png,0,7
5555.png,0,7
5556.png,0,7
5557.png,0,7
5558.png,0,7
5559.png,0,7
5560.png,0,7
5561.png,1,7
5562.png,0,7
5563.png,0,7
5564.png,0,7
5565.png,1,7
5566.png,0,7
5567.png,0,7
5568.png,1,7
5569.png,0,7
5570.png,0,7
5571.png,0,7
5572.png,0,7
5573.png,0,7
5574.png,0,7
5575.png,0,7
5576.png,0,7
5577.png,0,7
5578.png,0,7
5579.png,0,7
5580.png,1,7
5581.png,0,7
5582.png,0,7
5583.png,0,7
5584.png,0,7
5585.png,0,7
5586.png,0,7
5587.png,0,7
5588.png,0,7
5589.png,0,7
5590.png,0,7
5591.png,0,7
5592.png,0,7
5593.png,0,7
5594.png,1,7
5595.png,0,7
5596.png,0,7
5597.png,0,7
5598.png,0,7
5599.png,1,7
5600.png,0,7
5601.png,0,7
5602.png,0,7
5603.png,0,7
5604.png,0,7
5605.png,0,7
5606.png,1,7
5607.png,0,7
5608.png,1,7
5609.png,0,7
5610.png,0,7
5611.png,0,7
5612.png,0,7
5613.png,0,7
5614.png,0,7
5615.png,0,7
5616.png,0,7
5617.png,0,7
5618.png,0,7
5619.png,0,7
5620.png,0,7
5621.png,0,7
5622.png,0,7
5623.png,0,7
5624.png,0,7
5625.png,0,7
5626.png,0,7
5627.png,0,7
5628.png,0,7
5629.png,0,7
5630.png,0,7
5631.png,0,7
5632.png,0,7
5633.png,0,7
5634.png,0,7
5635.png,0,7
5636.png,1,7
5637.png,0,7
5638.png,0,7
5639.png,0,7
5640.png,0,7
5641.png,1,7
5642.png,0,7
5643.png,0,7
5644.png,0,7
5645.png,0,7
5646.png,0,7
5647.png,0,7
5648.png,0,7
5649.png,0,7
5650.png,0,7
5651.png,0,7
5652.png,0,7
5653.png,1,7
5654.png,0,7
5655.png,0,7
5656.png,0,7
5657.png,0,7
5658.png,0,7
5659.png,0,7
5660.png,0,7
5661.png,0,7
5662.png,0,7
5663.png,0,7
5664.png,0,7
5665.png,0,7
5666.png,1,7
5667.png,0,7
5668.png,0,7
5669.png,1,7
5670.png,0,7
5671.png,0,7
5672.png,0,7
5673.png,0,7
5674.png,0,7
5675.png,0,7
5676.png,0,7
5677.png,0,7
5678.png,0,7
5679.png,0,7
5680.png,1,7
5681.png,0,7
5682.png,0,7
5683.png,0,7
5684.png,0,7
5685.png,0,7
5686.png,0,7
5687.png,1,7
5688.png,0,7
5689.png,0,7
5690.png,1,7
5691.png,0,7
5692.png,0,7
5693.png,1,7
5694.png,0,7
5695.png,0,7
5696.png,0,7
5697.png,1,7
5698.png,0,7
5699.png,0,7
5700.png,0,7
5701.png,0,7
5702.png,0,7
5703.png,0,7
5704.png,0,7
5705.png,0,7
5706.png,0,7
5707.png,0,7
5708.png,0,7
5709.png,0,7
5710.png,0,7
5711.png,0,7
5712.png,0,7
5713.png,0,7
5714.png,0,7
5715.png,0,7
5716.png,0,7
5717.png,0,7
5718.png,0,7
5719.png,0,7
5720.png,0,7
5721.png,0,7
5722.png,0,7
5723.png,0,7
5724.png,1,7
5725.png,0,7
5726.png,0,7
5727.png,0,7
5728.png,1,7
5729.png,0,7
5730.png,0,7
5731.png,0,7
5732.png,0,7
5733.png,0,7
5734.png,0,7
5735.png,0,7
5736.png,0,7
5737.png,0,7
5738.png,0,7
5739.png,0,7
5740.png,0,7
5741.png,1,7
5742.png,1,7
5743.png,1,7
5744.png,1,7
5745.png,1,7
5746.png,1,7
5747.png,1,7
5748.png,1,7
5749.png,1,7
